"Statistics for community hospital stays 2016 Nevada, by county or county equivalent",,,,,,,,,,
,,,,,,,,,,
"Analysis Type: Community | Setting of Care: Hospital Inpatient | Geographic Settings: State | Years: 2016 | Categorization Type: Stays Related to Mental and/or Substance Use Disorders | Outcome and Measures: Number, Costs, Days | State: Nevada | Community Level: County",,,,,,,,,,
,,,,,,,,,,
"2016 State Total, Nevada",,,,,,,,,,
Stays Related to Mental and/or Substance Use Disorders,,,,,,,,,,
,,,,,,,,,,
,,Total number of discharges,"Rate of discharges per 100,000 population","Mean length of stay, days",Aggregate number of days in the hospital,"Number of inpatient days per 100,000 population","Mean cost per stay, $","Aggregate costs for all hospital stays, $","Costs for inpatient stays per capita, $",
US Total,,9955578.05705047,3087.6608648232,5.6255443763,56005546.1520072,17369.7732141365,12666.9044891831,126106356383.265,391.111052697,
State Total,,72258.0272576247,2491.5968295108,6.285981104,454212.593954099,15662.1305891031,13193.6337003052,953345943.54377,328.7321589741,
Age group,<1,889.0434848406,2440.4158244321,14.6152450183,12993.5883629114,35667.2752207287,17341.2212578426,15417099.7784643,423.1979077262,
,1-17,699.2604957337,109.2097961292,6.5492575015,4579.6370472113,715.2430765404,20161.2251941592,14097948.3238669,22.0180329317,
,18-44,19390.2087050841,1841.6264554138,5.324413871,103241.496191103,9805.5814444221,10133.4395166689,196489507.128558,186.6201029823,
,45-64,28489.4800634789,3825.6780414264,6.2899430941,179197.208380999,24063.2971770841,13824.870219649,393863364.502876,528.8950242488,
,65-84,22788.0345084874,5352.1684160742,6.766299389,154190.663971871,36214.3738836447,14627.0343183068,333321362.802404,782.8635109927,
,Missing,*,†,*,*,†,*,*,†,
Sex,Male,33522.7181863682,2298.521522302,6.733185643,225714.684806557,15476.3721140746,14001.6459318719,469373230.719454,321.8308452206,
,Female,38722.3090712564,2686.0237337705,5.8985095317,228403.90914754,15843.5365961077,12494.2657216983,483806818.894006,335.5989426452,
,Missing,13,†,7.2307692308,94,†,12761.0715621756,165893.930308282,†,
Payer,Medicare,29110.6268816531,†,6.4392882232,187451.716847609,†,13630.3609605917,396788352.186038,†,
,Medicaid,23466.9875571188,†,6.678550655,156725.465120072,†,11565.5398008877,271408378.598795,†,
,Private insurance,14770.4600798069,†,5.5835183029,82471.1341980552,†,15046.6871926798,222246492.512821,†,
,Uninsured,2572.039201109,†,4.9451120432,12719.0220289489,†,9928.3969169664,25536226.0746073,†,
,Other,2250.8813168557,†,6.4259981137,14464.1590961684,†,16186.6406141978,36434206.9411562,†,
,Missing,87.032221081,†,4.3787996964,381.0966632431,†,10711.9779177284,932287.230350986,†,
Type of stay,Maternal delivery hospitalization,1704.4391733601,49.4685582168,2.8386232732,4838.2607053012,140.4226006473,4595.7566135443,7833187.60335372,†,
,Neonatal birth hospitalization,813.4889306699,23.1901972881,13.7081062286,11151.3926773889,317.893687887,14274.9591014536,11612521.2147987,†,
,Nonmaternal/nonneonatal hospitalization,69740.0991535947,306.8776722107,6.2836581234,438222.940571408,1928.3143778691,13391.1515191397,933900234.725618,†,
Type of substance use disorder,Alcohol-related disorders,15577.6048861384,537.1460088066,6.4562356329,100572.687741252,3467.9412021318,13441.4434489606,209385495.147283,72.2001770121,
,Cannabis-related disorders,6472.0669342484,223.1694119777,5.1143940594,33100.7006808818,1141.3763148698,11068.9711853393,71639122.404783,24.7025579063,
,Neonatal abstinence syndrome,315.302446369,10.8722394663,21.4001399359,6747.5164744211,232.667445996,20444.5543903657,6446218.01420739,2.2227809111,
,Opioid-related disorders,7264.0221185847,250.477561692,6.5622760151,47668.5181222148,1643.7028954213,14465.590511963,105078369.437288,36.2330583987,
,Sedative-related disorders,487.613527687,16.8138595215,7.8266846473,3816.3973109536,131.5967761786,13765.4655109738,6712227.19805919,2.3145060335,
,Stimulant-related disorders,6064.7802464602,209.1253775845,6.1434956168,37258.9508607261,1284.760840543,10658.7094949491,64642730.7977253,22.2900664769,
,Miscellaneous substances and addictive disorders,3604.5306452218,124.2912029066,6.2372727016,22482.4405954947,775.2381269375,9301.6277254325,33528002.1867663,11.5611049898,
Type of mental disorder,Anxiety disorders,27468.8455169478,947.1790332212,5.9768228042,164176.422291711,5661.1212454501,13077.7448696665,359230553.534927,123.8696574236,
,Bipolar disorders,7656.6861390506,264.0173781745,6.9171099157,52962.1396138437,1826.2372244882,9898.7976500274,75791986.7602312,26.1345460264,
,Depressive disorders,25175.6916157975,868.1066421453,6.2207163163,156610.835608508,5400.2451530811,13052.5435008665,328606809.979598,113.3099970999,
,"Disruptive, impulse-control, and conduct disorders",221.9886400411,7.6545985644,11.5027113136,2553.4712412973,88.0486375082,14158.6054896479,3143049.57752608,1.0837844126,
,Eating disorders,138.6568087852,4.7811555099,9.7872295482,1357.0660160007,46.7942664813,16148.6311122321,2239117.65627078,0.7720911662,
,Obsessive-compulsive disorders,200.5500479386,6.9153543567,8.3175576088,1668.0865771812,57.5188582472,13254.7041010621,2658231.54288047,0.9166097575,
,Personality disorders,747.9885989643,25.7920966351,8.4740108665,6338.463515639,218.5625071555,10337.1957806519,7732104.58918986,2.6661795251,
,Schizophrenia and related disorders,6877.9023786503,237.1634046862,8.8885645185,61134.6790445561,2108.0422239801,9307.5265484537,64016258.98696,22.0740468544,
,Somatic symptom disorders,217.7590633996,7.5087545641,6.1510632778,1339.4497782886,46.1868244614,11250.3232819867,2449859.8608287,0.8447591629,
,Suicidal ideation or attempt,3001.2429788352,103.4886748845,7.4376557725,22322.2121660756,769.7131401382,9456.1374371577,28380166.0901706,9.786031329,
,Trauma- and stressor-related disorders,3317.431137655,114.3914554328,6.4978343513,21556.1180044149,743.2967286094,12579.3179410118,41731021.0279748,14.3896648762,
,Miscellaneous mental disorders,1969.8977434697,67.9258922277,7.0877637348,13962.1697875018,481.4426755881,8665.1911555594,17069540.5040704,5.8859084057,
,,,,,,,,,,
"Statistic is not reported because the reporting cell draws from fewer than two hospitals, contains fewer than 11 discharges, has a relative standard error (standard error / weighted estimate) greater than 0.30 or equal to 0, or because the county is missing 2% or more of total discharges in the HCUP State Inpatient Database (SID) when compared to the Medicare Hospital Service Area File.",,,,,,,,,,
"Statistics for age, sex, and expected payer type cannot be calculated because population estimates are not available for missing categories of age or sex and because population insurance coverage information is not available at the county- or region-level.",,,,,,,,,,
"Community-level statistics are from the Agency for Healthcare Research and Quality (AHRQ), Healthcare Cost and Utilization Project (HCUP), State Inpatient Databases (SID), based on data collected by individual States and provided to AHRQ by State Partners. Weighted national estimates are from the HCUP National (Nationwide) Inpatient Sample (NIS).",,,,,,,,,,
"Rates of discharges are calculated using HCUP inpatient data as numerators and Claritas county population estimates as denominators, except for the rate of maternal/neonatal stays, which uses the number of inpatient deliveries as the denominator.",,,,,,,,,,
"For more information, see ""Calculating Community-Level Statistics for HCUPnet: Methods"" PDF (74 KB)",,,,,,,,,,
"Citation: HCUPnet, Healthcare Cost and Utilization Project. Agency for Healthcare Research and Quality, Rockville, MD. https://hcupnet.ahrq.gov/. For more information about HCUP data see http://www.hcup-us.ahrq.gov/",,,,,,,,,,
,,,,,,,,,,
"2016 Churchill, Nevada",,,,,,,,,,
Stays Related to Mental and/or Substance Use Disorders,,,,,,,,,,
,,,,,,,,,,
,,Total number of discharges,"Rate of discharges per 100,000 population","Mean length of stay, days",Aggregate number of days in the hospital,"Number of inpatient days per 100,000 population","Mean cost per stay, $","Aggregate costs for all hospital stays, $","Costs for inpatient stays per capita, $",
US Total,,9955578.05705047,3087.6608648232,5.6255443763,56005546.1520072,17369.7732141365,12666.9044891831,126106356383.265,391.111052697,
State Total,,72258.0272576247,2491.5968295108,6.285981104,454212.593954099,15662.1305891031,13193.6337003052,953345943.54377,328.7321589741,
"Churchill, Nevada",,806,3349.6799933505,5.4578163772,4399,18281.9383259911,16492.2300996496,13292737.4603176,552.4369321053,
Age group,<1,*,*,*,*,*,*,*,*,
,1-17,*,*,*,*,*,*,*,*,
,18-44,207,2648.4135107472,4.9468599034,1024,13101.3306038894,12194.289208038,2524217.86606388,322.9552029253,
,45-64,322,5191.8735891648,5.4875776398,1767,28490.8094163173,16726.8292427069,5386039.01615165,868.4358297568,
,65-84,270,6134.9693251534,5.7962962963,1565,35560.0999772779,19813.2107491433,5349566.90226869,1215.5344017879,
Sex,Male,304,2515.7232704402,5.5394736842,1684,13935.7828533598,16887.5991518857,5133830.14217325,424.8452616827,
,Female,502,4191.0168642511,5.4083665339,2715,22666.5553514777,16252.8034225983,8158907.31814436,681.1577323547,
,Missing,*,†,*,*,†,*,*,†,
Payer,Medicare,366,†,5.5027322404,2014,†,18545.6521582306,6787708.68991241,†,
,Medicaid,229,†,5.5720524017,1276,†,14339.8848135101,3283833.62229382,†,
,Private insurance,123,†,4.756097561,585,†,14882.580894273,1830557.44999559,†,
,Uninsured,23,†,7.5652173913,174,†,19513.1514225783,448802.482719302,†,
,Other,63,†,5.3968253968,340,†,14649.2887251411,922905.189683889,†,
,Missing,*,†,*,*,†,*,*,†,
Type of stay,Maternal delivery hospitalization,20,69.4444444444,1.45,29,100.6944444444,9625.3956604194,192507.913208388,†,
,Neonatal birth hospitalization,*,*,*,*,*,*,*,†,
,Nonmaternal/nonneonatal hospitalization,784,348.5993775011,5.5676020408,4365,1940.8626056025,16702.1072541955,13094452.0872893,†,
Type of substance use disorder,Alcohol-related disorders,177,735.599700773,6.2711864407,1110,4613.0828692544,17601.835928552,3115524.95935371,129.479052421,
,Cannabis-related disorders,61,253.5117612834,4.7213114754,288,1196.9079876984,15127.824083044,922797.269065685,38.3508132768,
,Neonatal abstinence syndrome,*,*,*,*,*,*,*,*,
,Opioid-related disorders,88,365.7218851301,6.0795454545,535,2223.4228243704,15706.4272166908,1382165.59506879,57.4418417035,
,Sedative-related disorders,*,*,*,*,*,*,*,*,
,Stimulant-related disorders,48,199.4846646164,5.2291666667,251,1043.1385587233,12343.0113186865,592464.543296953,24.6224147326,
,Miscellaneous substances and addictive disorders,20,83.1186102568,5.35,107,444.6845648741,7598.5210815711,151970.421631421,6.3157851231,
Type of mental disorder,Anxiety disorders,336,1396.3926523149,5.1279761905,1723,7160.6682736265,16342.1087902217,5490948.55351449,228.20000638,
,Bipolar disorders,71,295.0710664118,7.676056338,545,2264.9821294988,12438.5507453839,883137.102922263,36.7025643306,
,Depressive disorders,353,1467.0434710332,5.1218130312,1808,7513.922367218,15640.9428621244,5521252.83032994,229.4594310668,
,"Disruptive, impulse-control, and conduct disorders",*,*,*,*,*,*,*,*,
,Eating disorders,*,*,*,*,*,*,*,*,
,Obsessive-compulsive disorders,*,*,*,*,*,*,*,*,
,Personality disorders,22,91.4304712825,7.6363636364,168,698.1963261574,7450.0484148717,163901.065127177,6.8116143765,
,Schizophrenia and related disorders,52,216.1083866678,8.1346153846,423,1757.9586069321,16331.344983652,849229.939149904,35.2934061653,
,Somatic symptom disorders,*,*,*,*,*,*,*,*,
,Suicidal ideation or attempt,23,95.5864017954,9.9130434783,228,947.5521569279,12264.8967141389,282092.624425195,11.723573453,
,Trauma- and stressor-related disorders,51,211.9524561549,6.1764705882,315,1309.1181115452,12640.0592974636,644643.024170645,26.7909161404,
,Miscellaneous mental disorders,25,103.898262821,2,50,207.7965256421,12108.5325920595,302713.314801489,12.5805550163,
,,,,,,,,,,
"Statistic is not reported because the reporting cell draws from fewer than two hospitals, contains fewer than 11 discharges, has a relative standard error (standard error / weighted estimate) greater than 0.30 or equal to 0, or because the county is missing 2% or more of total discharges in the HCUP State Inpatient Database (SID) when compared to the Medicare Hospital Service Area File.",,,,,,,,,,
"Statistics for age, sex, and expected payer type cannot be calculated because population estimates are not available for missing categories of age or sex and because population insurance coverage information is not available at the county- or region-level.",,,,,,,,,,
"Community-level statistics are from the Agency for Healthcare Research and Quality (AHRQ), Healthcare Cost and Utilization Project (HCUP), State Inpatient Databases (SID), based on data collected by individual States and provided to AHRQ by State Partners. Weighted national estimates are from the HCUP National (Nationwide) Inpatient Sample (NIS).",,,,,,,,,,
"Rates of discharges are calculated using HCUP inpatient data as numerators and Claritas county population estimates as denominators, except for the rate of maternal/neonatal stays, which uses the number of inpatient deliveries as the denominator.",,,,,,,,,,
"For more information, see ""Calculating Community-Level Statistics for HCUPnet: Methods"" PDF (74 KB)",,,,,,,,,,
"Citation: HCUPnet, Healthcare Cost and Utilization Project. Agency for Healthcare Research and Quality, Rockville, MD. https://hcupnet.ahrq.gov/. For more information about HCUP data see http://www.hcup-us.ahrq.gov/",,,,,,,,,,
,,,,,,,,,,
"2016 Clark, Nevada",,,,,,,,,,
Stays Related to Mental and/or Substance Use Disorders,,,,,,,,,,
,,,,,,,,,,
,,Total number of discharges,"Rate of discharges per 100,000 population","Mean length of stay, days",Aggregate number of days in the hospital,"Number of inpatient days per 100,000 population","Mean cost per stay, $","Aggregate costs for all hospital stays, $","Costs for inpatient stays per capita, $",
US Total,,9955578.05705047,3087.6608648232,5.6255443763,56005546.1520072,17369.7732141365,12666.9044891831,126106356383.265,391.111052697,
State Total,,72258.0272576247,2491.5968295108,6.285981104,454212.593954099,15662.1305891031,13193.6337003052,953345943.54377,328.7321589741,
"Clark, Nevada",,50419,2378.4196357012,6.5765026414,331580.686676025,15641.6830165122,13824.2434336368,697004529.680537,328.7985203127,
Age group,<1,649,2381.3892048582,15.1972265023,9863,36190.5111363886,18478.2013713561,11992352.6900101,440.0378927094,
,1-17,490,102.7615596269,7.5306122449,3690,773.8574592309,21412.5170761291,10492133.3673033,22.0038365028,
,18-44,13896,1759.9118524288,5.4959228079,76371.3433380127,9672.3396895854,10520.7762341278,146196706.54944,185.1563879119,
,45-64,19623,3677.2808023567,6.5207154869,127956,23978.5018777125,14424.0588716843,283043307.239061,530.4131478091,
,65-84,15760,5387.0212438687,7.2139177245,113691.343338012,38861.5280333655,15553.7151014606,245126549.99902,837.8819367265,
,Missing,*,†,*,*,†,*,*,†,
Sex,Male,23828,2243.1673206257,7.0280630635,167464.686676025,15765.1213912405,14588.71383826,347619873.338061,327.2492613194,
,Female,26589,2514.0766165062,6.1719884163,164107,15516.8517546721,13140.0014958869,349379499.774137,330.3497050167,
,Missing,*,†,*,*,†,*,*,†,
Payer,Medicare,19967,†,6.7844443331,135465,†,14320.5071509975,285937566.283968,†,
,Medicaid,16819,†,6.8975971625,116010.686676025,†,11912.9148977427,200363315.665135,†,
,Private insurance,10380,†,5.9606936416,61872,†,16246.5323928871,168639006.238168,†,
,Uninsured,1717,†,5.1077460687,8770,†,9990.924587748,17154417.5171632,†,
,Other,1521,†,6.1965811966,9425,†,16317.9179174424,24819553.15243,†,
,Missing,15,†,2.5333333333,38,†,6044.7215781535,90670.8236723026,†,
Type of stay,Maternal delivery hospitalization,1138,43.8637064446,2.9314586995,3336,128.5846438483,4627.712240088,5266336.52922014,†,
,Neonatal birth hospitalization,599,22.6567819048,14.4457429048,8653,327.2940464483,15211.8606827854,9111904.54898851,†,
,Nonmaternal/nonneonatal hospitalization,48682,306.214618191,6.5648840778,319591.686676025,2010.263471355,14022.1496364637,682626288.602328,†,
Type of substance use disorder,Alcohol-related disorders,9844,464.3718220084,6.5818772857,64792,3056.438347376,14194.8628297639,139734229.696195,65.9169431542,
,Cannabis-related disorders,4673,220.4398135154,5.2358228119,24467,1154.1838042543,11663.8171592455,54505017.5851546,25.7116967946,
,Neonatal abstinence syndrome,255,12.0291359825,20.9607843137,5345,252.1401248105,20135.6064501753,5134579.64479471,2.4221394808,
,Opioid-related disorders,5028,237.1862577264,6.7430389817,33904,1599.356181773,15464.6646944898,77756334.0838948,36.6800594588,
,Sedative-related disorders,304,14.3406170145,7.8322368421,2381,112.3191089193,14684.3251259013,4464034.838274,2.1058228275,
,Stimulant-related disorders,4401,207.608735134,6.2067711884,27316,1288.5799156828,10865.1855606442,47817681.6523954,22.5570743124,
,Miscellaneous substances and addictive disorders,2668,125.857783535,6.3365817091,16906,797.5081291014,9563.3727323534,25515078.4499188,12.0362489521,
Type of mental disorder,Anxiety disorders,19533,921.4318162627,6.2466083039,122015,5755.8236349407,13773.8898839921,269045391.104018,126.9170037281,
,Bipolar disorders,5728,270.2074153255,7.1494413408,40952,1931.832065714,10045.7745793553,57542196.7905472,27.1444278403,
,Depressive disorders,16797,792.3662631324,6.7006812727,112551.343338012,5309.3937805127,14082.0440863288,236536094.518065,111.5813664995,
,"Disruptive, impulse-control, and conduct disorders",169,7.9722509061,12.9132741894,2182.3433380127,102.9478618571,13616.9771727728,2301269.1421986,1.085579586,
,Eating disorders,86,4.0568850765,10.0930232558,868,40.9462354229,18659.8128565085,1604743.90565973,0.7570071631,
,Obsessive-compulsive disorders,138,6.5098853553,9.6449275362,1331,62.7873725206,15196.1396214634,2097067.26776195,0.9892512678,
,Personality disorders,299,14.1047516031,8.9096989967,2664,125.6690912059,12513.4199759902,3741512.57282108,1.7649868047,
,Schizophrenia and related disorders,5716,269.6413383381,8.8072679038,50342.3433380127,2374.8035046776,8843.0878967765,50547090.4179744,23.8446205553,
,Somatic symptom disorders,143,6.7457507667,6.6363636364,949,44.767255088,11701.9015667932,1673371.92405144,0.7893811147,
,Suicidal ideation or attempt,2127,100.3371460191,7.7320169252,16446,775.8085112505,9660.2006289929,20547246.7378678,9.6927696108,
,Trauma- and stressor-related disorders,2156,101.7051654053,6.7337662338,14518,684.8588086061,13502.2223997475,29110791.4938556,13.7324576251,
,Miscellaneous mental disorders,1340,63.2119302612,8.0671641791,10810,509.9410194952,9337.8412247331,12512707.2411423,5.9026296829,
,,,,,,,,,,
"Statistic is not reported because the reporting cell draws from fewer than two hospitals, contains fewer than 11 discharges, has a relative standard error (standard error / weighted estimate) greater than 0.30 or equal to 0, or because the county is missing 2% or more of total discharges in the HCUP State Inpatient Database (SID) when compared to the Medicare Hospital Service Area File.",,,,,,,,,,
"Statistics for age, sex, and expected payer type cannot be calculated because population estimates are not available for missing categories of age or sex and because population insurance coverage information is not available at the county- or region-level.",,,,,,,,,,
"Community-level statistics are from the Agency for Healthcare Research and Quality (AHRQ), Healthcare Cost and Utilization Project (HCUP), State Inpatient Databases (SID), based on data collected by individual States and provided to AHRQ by State Partners. Weighted national estimates are from the HCUP National (Nationwide) Inpatient Sample (NIS).",,,,,,,,,,
"Rates of discharges are calculated using HCUP inpatient data as numerators and Claritas county population estimates as denominators, except for the rate of maternal/neonatal stays, which uses the number of inpatient deliveries as the denominator.",,,,,,,,,,
"For more information, see ""Calculating Community-Level Statistics for HCUPnet: Methods"" PDF (74 KB)",,,,,,,,,,
"Citation: HCUPnet, Healthcare Cost and Utilization Project. Agency for Healthcare Research and Quality, Rockville, MD. https://hcupnet.ahrq.gov/. For more information about HCUP data see http://www.hcup-us.ahrq.gov/",,,,,,,,,,
,,,,,,,,,,
"2016 Douglas, Nevada",,,,,,,,,,
Stays Related to Mental and/or Substance Use Disorders,,,,,,,,,,
,,,,,,,,,,
,,Total number of discharges,"Rate of discharges per 100,000 population","Mean length of stay, days",Aggregate number of days in the hospital,"Number of inpatient days per 100,000 population","Mean cost per stay, $","Aggregate costs for all hospital stays, $","Costs for inpatient stays per capita, $",
US Total,,9955578.05705047,3087.6608648232,5.6255443763,56005546.1520072,17369.7732141365,12666.9044891831,126106356383.265,391.111052697,
State Total,,72258.0272576247,2491.5968295108,6.285981104,454212.593954099,15662.1305891031,13193.6337003052,953345943.54377,328.7321589741,
"Douglas, Nevada",,1317,2660.6598113093,5.3090356872,6992,14125.5378896543,12627.8372595111,16630861.6707761,335.9837910014,
Age group,<1,14,3349.2822966507,13.9285714286,195,46650.7177033492,14150.2368637514,198103.31609252,473.9313782118,
,1-17,*,*,*,*,*,*,*,*,
,18-44,292,2255.6971803785,5.2294520548,1527,11796.0602549246,9087.7662108957,2653627.73358154,204.9924861786,
,45-64,497,3238.8400130336,5.0120724346,2491,16233.3007494297,12460.4609317068,6192849.08305829,403.5743944645,
,65-84,504,4045.5931931289,5.4523809524,2748,22058.1152672981,14870.5495300311,7494756.9631357,601.6019395678,
,Missing,*,†,*,*,†,*,*,†,
Sex,Male,579,2338.2602374606,5.9240069085,3430,13851.8698005007,13772.4860626748,7974269.43028876,322.0365653133,
,Female,738,2983.3852124348,4.8265582656,3562,14399.4825564943,11729.7997838582,8656592.24048739,349.9451121998,
,Missing,*,†,*,*,†,*,*,†,
Payer,Medicare,574,†,5.3449477352,3068,†,13956.1485482451,8010829.2666927,†,
,Medicaid,305,†,6.4721311475,1974,†,9563.2691371901,2916797.08684299,†,
,Private insurance,330,†,4.6727272727,1542,†,13353.6102851837,4406691.39411064,†,
,Other,51,†,4.137254902,211,†,13338.9226599138,680285.055655608,†,
,Missing,*,†,*,*,†,*,*,†,
Type of stay,Maternal delivery hospitalization,14,41.2979351032,2.7857142857,39,115.0442477876,4918.7199191584,68862.0788682174,†,
,Neonatal birth hospitalization,12,34.7826086957,11.6666666667,140,405.7971014493,11475.1416734309,137701.700081171,†,
,Nonmaternal/nonneonatal hospitalization,1291,263.3081786661,5.2773044152,6813,1389.5574138283,12722.151736504,16424297.8918267,†,
Type of substance use disorder,Alcohol-related disorders,408,824.2590759409,5.5661764706,2271,4587.9714741712,10957.2123493743,4470542.63854474,90.3158172598,
,Cannabis-related disorders,81,163.6396694883,6.9382716049,562,1135.376472252,14363.6720997791,1163457.4400821,23.5046655505,
,Neonatal abstinence syndrome,*,*,*,*,*,*,*,*,
,Opioid-related disorders,143,288.894725146,5.6853146853,813,1642.4574233823,11146.5720920223,1593959.80915919,32.2018588084,
,Sedative-related disorders,12,24.2429139983,6.75,81,163.6396694883,9628.6841813676,115544.210176411,2.3342736253,
,Stimulant-related disorders,62,125.2550556577,5.1774193548,321,648.4979494535,9092.8731757837,563758.136898592,11.3892833572,
,Miscellaneous substances and addictive disorders,36,72.7287419948,6.6111111111,238,480.8177942989,7720.4439759537,277935.983134334,5.6149817801,
Type of mental disorder,Anxiety disorders,498,1006.0809309279,5.2871485944,2633,5319.2993797854,12880.6318655523,6414554.66904505,129.5895809823,
,Bipolar disorders,108,218.1862259844,6.9907407407,755,1525.2833390574,9940.758137877,1073601.87889071,21.6893650153,
,Depressive disorders,522,1054.5667589244,4.8486590038,2531,5113.2346108002,11365.4637581585,5932772.08175875,119.8564027911,
,"Disruptive, impulse-control, and conduct disorders",*,*,*,*,*,*,*,*,
,Eating disorders,*,*,*,*,*,*,*,*,
,Obsessive-compulsive disorders,*,*,*,*,*,*,*,*,
,Personality disorders,54,109.0931129922,6.8333333333,369,745.4696054466,6947.1712543166,375147.247733097,7.5788853862,
,Schizophrenia and related disorders,47,94.9514131599,10.170212766,478,965.6760742641,12335.2293422214,579755.779084406,11.7124745769,
,Somatic symptom disorders,*,*,*,*,*,*,*,*,
,Suicidal ideation or attempt,44,88.8906846603,5.5,242,488.8987656316,9681.3457047536,425979.211009156,8.6058144813,
,Trauma- and stressor-related disorders,71,143.4372411564,4.3802816901,311,628.2955211216,11111.562357374,788920.92737356,15.9381184948,
,Miscellaneous mental disorders,13,26.2631568315,4.8461538462,63,127.2752984909,10097.9411334264,131273.234734544,2.6520381166,
,,,,,,,,,,
"Statistic is not reported because the reporting cell draws from fewer than two hospitals, contains fewer than 11 discharges, has a relative standard error (standard error / weighted estimate) greater than 0.30 or equal to 0, or because the county is missing 2% or more of total discharges in the HCUP State Inpatient Database (SID) when compared to the Medicare Hospital Service Area File.",,,,,,,,,,
"Statistics for age, sex, and expected payer type cannot be calculated because population estimates are not available for missing categories of age or sex and because population insurance coverage information is not available at the county- or region-level.",,,,,,,,,,
"Community-level statistics are from the Agency for Healthcare Research and Quality (AHRQ), Healthcare Cost and Utilization Project (HCUP), State Inpatient Databases (SID), based on data collected by individual States and provided to AHRQ by State Partners. Weighted national estimates are from the HCUP National (Nationwide) Inpatient Sample (NIS).",,,,,,,,,,
"Rates of discharges are calculated using HCUP inpatient data as numerators and Claritas county population estimates as denominators, except for the rate of maternal/neonatal stays, which uses the number of inpatient deliveries as the denominator.",,,,,,,,,,
"For more information, see ""Calculating Community-Level Statistics for HCUPnet: Methods"" PDF (74 KB)",,,,,,,,,,
"Citation: HCUPnet, Healthcare Cost and Utilization Project. Agency for Healthcare Research and Quality, Rockville, MD. https://hcupnet.ahrq.gov/. For more information about HCUP data see http://www.hcup-us.ahrq.gov/",,,,,,,,,,
,,,,,,,,,,
"2016 Esmeralda, Nevada",,,,,,,,,,
Stays Related to Mental and/or Substance Use Disorders,,,,,,,,,,
,,,,,,,,,,
,,Total number of discharges,"Rate of discharges per 100,000 population","Mean length of stay, days",Aggregate number of days in the hospital,"Number of inpatient days per 100,000 population","Mean cost per stay, $","Aggregate costs for all hospital stays, $","Costs for inpatient stays per capita, $",
US Total,,9955578.05705047,3087.6608648232,5.6255443763,56005546.1520072,17369.7732141365,12666.9044891831,126106356383.265,391.111052697,
State Total,,72258.0272576247,2491.5968295108,6.285981104,454212.593954099,15662.1305891031,13193.6337003052,953345943.54377,328.7321589741,
"Esmeralda, Nevada",,32,3809.5238095238,5.4375,174,20714.2857142857,16712.4033714758,534796.907887226,636.66298558,
Age group,<1,*,*,*,*,*,*,*,*,
,1-17,*,*,*,*,*,*,*,*,
,18-44,*,*,*,*,*,*,*,*,
,45-64,11,4230.7692307692,5.8181818182,64,24615.3846153846,17144.9754800513,188594.730280564,725.3643472329,
,65-84,12,5454.5454545455,5.6666666667,68,30909.0909090909,23975.3870109632,287704.644131559,1307.7483824162,
,Missing,*,†,*,*,†,*,*,†,
Sex,Male,15,3112.0331950207,3.7333333333,56,11618.2572614107,15897.4658589859,238461.987884789,494.7344146987,
,Female,17,4748.6033519553,6.9411764706,118,32960.8938547486,17431.4658824963,296334.920002437,827.7511731912,
,Missing,*,†,*,*,†,*,*,†,
Payer,Medicare,13,†,5.3846153846,70,†,22889.5863601311,297564.622681704,†,
,Medicaid,*,†,*,*,†,*,*,†,
,Private insurance,*,†,*,*,†,*,*,†,
,Uninsured,*,†,*,*,†,*,*,†,
,Other,*,†,*,*,†,*,*,†,
,Missing,*,†,*,*,†,*,*,†,
Type of stay,Maternal delivery hospitalization,*,*,*,*,*,*,*,†,
,Neonatal birth hospitalization,*,*,*,*,*,*,*,†,
,Nonmaternal/nonneonatal hospitalization,31,276.7857142857,5.5483870968,172,1535.7142857143,16793.2326391552,520590.211813813,†,
Type of substance use disorder,Alcohol-related disorders,*,*,*,*,*,*,*,*,
,Cannabis-related disorders,*,*,*,*,*,*,*,*,
,Neonatal abstinence syndrome,*,*,*,*,*,*,*,*,
,Opioid-related disorders,*,*,*,*,*,*,*,*,
,Sedative-related disorders,*,*,*,*,*,*,*,*,
,Stimulant-related disorders,*,*,*,*,*,*,*,*,
,Miscellaneous substances and addictive disorders,*,*,*,*,*,*,*,*,
Type of mental disorder,Anxiety disorders,*,*,*,*,*,*,*,*,
,Bipolar disorders,*,*,*,*,*,*,*,*,
,Depressive disorders,*,*,*,*,*,*,*,*,
,"Disruptive, impulse-control, and conduct disorders",*,*,*,*,*,*,*,*,
,Eating disorders,*,*,*,*,*,*,*,*,
,Obsessive-compulsive disorders,*,*,*,*,*,*,*,*,
,Personality disorders,*,*,*,*,*,*,*,*,
,Schizophrenia and related disorders,*,*,*,*,*,*,*,*,
,Somatic symptom disorders,*,*,*,*,*,*,*,*,
,Suicidal ideation or attempt,*,*,*,*,*,*,*,*,
,Trauma- and stressor-related disorders,*,*,*,*,*,*,*,*,
,Miscellaneous mental disorders,*,*,*,*,*,*,*,*,
,,,,,,,,,,
"Statistic is not reported because the reporting cell draws from fewer than two hospitals, contains fewer than 11 discharges, has a relative standard error (standard error / weighted estimate) greater than 0.30 or equal to 0, or because the county is missing 2% or more of total discharges in the HCUP State Inpatient Database (SID) when compared to the Medicare Hospital Service Area File.",,,,,,,,,,
"Statistics for age, sex, and expected payer type cannot be calculated because population estimates are not available for missing categories of age or sex and because population insurance coverage information is not available at the county- or region-level.",,,,,,,,,,
"Community-level statistics are from the Agency for Healthcare Research and Quality (AHRQ), Healthcare Cost and Utilization Project (HCUP), State Inpatient Databases (SID), based on data collected by individual States and provided to AHRQ by State Partners. Weighted national estimates are from the HCUP National (Nationwide) Inpatient Sample (NIS).",,,,,,,,,,
"Rates of discharges are calculated using HCUP inpatient data as numerators and Claritas county population estimates as denominators, except for the rate of maternal/neonatal stays, which uses the number of inpatient deliveries as the denominator.",,,,,,,,,,
"For more information, see ""Calculating Community-Level Statistics for HCUPnet: Methods"" PDF (74 KB)",,,,,,,,,,
"Citation: HCUPnet, Healthcare Cost and Utilization Project. Agency for Healthcare Research and Quality, Rockville, MD. https://hcupnet.ahrq.gov/. For more information about HCUP data see http://www.hcup-us.ahrq.gov/",,,,,,,,,,
,,,,,,,,,,
"2016 Eureka, Nevada",,,,,,,,,,
Stays Related to Mental and/or Substance Use Disorders,,,,,,,,,,
,,,,,,,,,,
,,Total number of discharges,"Rate of discharges per 100,000 population","Mean length of stay, days",Aggregate number of days in the hospital,"Number of inpatient days per 100,000 population","Mean cost per stay, $","Aggregate costs for all hospital stays, $","Costs for inpatient stays per capita, $",
US Total,,9955578.05705047,3087.6608648232,5.6255443763,56005546.1520072,17369.7732141365,12666.9044891831,126106356383.265,391.111052697,
State Total,,72258.0272576247,2491.5968295108,6.285981104,454212.593954099,15662.1305891031,13193.6337003052,953345943.54377,328.7321589741,
"Eureka, Nevada",,18,1356.4431047476,3.6111111111,65,4898.2667671439,9066.4339054994,163195.810298989,122.9810175576,
Age group,<1,*,*,*,*,*,*,*,*,
,1-17,*,*,*,*,*,*,*,*,
,18-44,*,*,*,*,*,*,*,*,
,45-64,*,*,*,*,*,*,*,*,
,65-84,*,*,*,*,*,*,*,*,
,Missing,*,†,*,*,†,*,*,†,
Sex,Male,*,*,*,*,*,*,*,*,
,Female,11,1743.264659271,3.5454545455,39,6180.6656101426,8431.8215942463,92750.0375367095,146.9889659853,
,Missing,*,†,*,*,†,*,*,†,
Payer,Medicare,*,†,*,*,†,*,*,†,
,Medicaid,*,†,*,*,†,*,*,†,
,Private insurance,*,†,*,*,†,*,*,†,
,Uninsured,*,†,*,*,†,*,*,†,
,Other,*,†,*,*,†,*,*,†,
,Missing,*,†,*,*,†,*,*,†,
Type of stay,Maternal delivery hospitalization,*,*,*,*,*,*,*,†,
,Neonatal birth hospitalization,*,*,*,*,*,*,*,†,
,Nonmaternal/nonneonatal hospitalization,17,269.8412698413,3.7058823529,63,1000,8610.9260797815,146385.743356284,†,
Type of substance use disorder,Alcohol-related disorders,*,*,*,*,*,*,*,*,
,Cannabis-related disorders,*,*,*,*,*,*,*,*,
,Neonatal abstinence syndrome,*,*,*,*,*,*,*,*,
,Opioid-related disorders,*,*,*,*,*,*,*,*,
,Sedative-related disorders,*,*,*,*,*,*,*,*,
,Stimulant-related disorders,*,*,*,*,*,*,*,*,
,Miscellaneous substances and addictive disorders,*,*,*,*,*,*,*,*,
Type of mental disorder,Anxiety disorders,*,*,*,*,*,*,*,*,
,Bipolar disorders,*,*,*,*,*,*,*,*,
,Depressive disorders,*,*,*,*,*,*,*,*,
,"Disruptive, impulse-control, and conduct disorders",*,*,*,*,*,*,*,*,
,Eating disorders,*,*,*,*,*,*,*,*,
,Obsessive-compulsive disorders,*,*,*,*,*,*,*,*,
,Personality disorders,*,*,*,*,*,*,*,*,
,Schizophrenia and related disorders,*,*,*,*,*,*,*,*,
,Somatic symptom disorders,*,*,*,*,*,*,*,*,
,Suicidal ideation or attempt,*,*,*,*,*,*,*,*,
,Trauma- and stressor-related disorders,*,*,*,*,*,*,*,*,
,Miscellaneous mental disorders,*,*,*,*,*,*,*,*,
,,,,,,,,,,
"Statistic is not reported because the reporting cell draws from fewer than two hospitals, contains fewer than 11 discharges, has a relative standard error (standard error / weighted estimate) greater than 0.30 or equal to 0, or because the county is missing 2% or more of total discharges in the HCUP State Inpatient Database (SID) when compared to the Medicare Hospital Service Area File.",,,,,,,,,,
"Statistics for age, sex, and expected payer type cannot be calculated because population estimates are not available for missing categories of age or sex and because population insurance coverage information is not available at the county- or region-level.",,,,,,,,,,
"Community-level statistics are from the Agency for Healthcare Research and Quality (AHRQ), Healthcare Cost and Utilization Project (HCUP), State Inpatient Databases (SID), based on data collected by individual States and provided to AHRQ by State Partners. Weighted national estimates are from the HCUP National (Nationwide) Inpatient Sample (NIS).",,,,,,,,,,
"Rates of discharges are calculated using HCUP inpatient data as numerators and Claritas county population estimates as denominators, except for the rate of maternal/neonatal stays, which uses the number of inpatient deliveries as the denominator.",,,,,,,,,,
"For more information, see ""Calculating Community-Level Statistics for HCUPnet: Methods"" PDF (74 KB)",,,,,,,,,,
"Citation: HCUPnet, Healthcare Cost and Utilization Project. Agency for Healthcare Research and Quality, Rockville, MD. https://hcupnet.ahrq.gov/. For more information about HCUP data see http://www.hcup-us.ahrq.gov/",,,,,,,,,,
,,,,,,,,,,
"2016 Humboldt, Nevada",,,,,,,,,,
Stays Related to Mental and/or Substance Use Disorders,,,,,,,,,,
,,,,,,,,,,
,,Total number of discharges,"Rate of discharges per 100,000 population","Mean length of stay, days",Aggregate number of days in the hospital,"Number of inpatient days per 100,000 population","Mean cost per stay, $","Aggregate costs for all hospital stays, $","Costs for inpatient stays per capita, $",
US Total,,9955578.05705047,3087.6608648232,5.6255443763,56005546.1520072,17369.7732141365,12666.9044891831,126106356383.265,391.111052697,
State Total,,72258.0272576247,2491.5968295108,6.285981104,454212.593954099,15662.1305891031,13193.6337003052,953345943.54377,328.7321589741,
"Humboldt, Nevada",,354,1913.7204022056,7.3512590484,2602.345703125,14068.2544227754,20552.3285583839,7275524.30966793,393.3141047501,
Age group,<1,*,*,*,*,*,*,*,*,
,1-17,*,*,*,*,*,*,*,*,
,18-44,85,1326.6739503668,4.5176470588,384,5993.4446698923,9796.6674893879,832716.736597971,129.9698355858,
,45-64,154,3141.5748674011,6.8311688312,1052,21460.6283149734,23974.8490510767,3692126.75386581,753.187832286,
,65-84,111,5002.2532672375,9.7598711993,1083.345703125,48821.3475946372,24164.9241752885,2682306.58345703,1208.7907090838,
,Missing,*,†,*,*,†,*,*,†,
Sex,Male,150,1557.1473061352,9.4466666667,1417,14709.8515519568,22900.6995362185,3435104.93043277,356.5976259143,
,Female,204,2301.1844331641,5.8105181526,1185.345703125,13371.0739213198,18825.5851923291,3840419.37923515,433.2114358979,
,Missing,*,†,*,*,†,*,*,†,
Payer,Medicare,138,†,6.7608695652,933,†,21879.5314287251,3019375.33716406,†,
,Medicaid,108,†,10.7994972512,1166.345703125,†,22451.7227766284,2424786.05987587,†,
,Private insurance,86,†,4.2209302326,363,†,16026.0405137974,1378239.48418658,†,
,Uninsured,15,†,3.2666666667,49,†,15996.8657644014,239952.986466021,†,
,Other,*,†,*,*,†,*,*,†,
,Missing,*,†,*,*,†,*,*,†,
Type of stay,Maternal delivery hospitalization,*,*,*,*,*,*,*,†,
,Neonatal birth hospitalization,*,*,*,*,*,*,*,†,
,Nonmaternal/nonneonatal hospitalization,345,302.8972783143,7.4850600091,2582.345703125,2267.2043047629,20968.2320858999,7234040.06963549,†,
Type of substance use disorder,Alcohol-related disorders,105,567.6289328576,8.2761904762,869,4697.8051681263,22761.1981257775,2389925.80320664,129.199146027,
,Cannabis-related disorders,33,178.3976646124,5.1212121212,169,913.6122824089,14552.5372630131,480233.729679434,25.9613866191,
,Neonatal abstinence syndrome,*,*,*,*,*,*,*,*,
,Opioid-related disorders,23,124.337766245,4.9565217391,114,616.2828413883,9792.8190158573,225234.837364717,12.1761724167,
,Sedative-related disorders,*,*,*,*,*,*,*,*,
,Stimulant-related disorders,20,108.1197967348,6.3,126,681.1547194291,13057.97373322,261159.474664401,14.118254658,
,Miscellaneous substances and addictive disorders,*,*,*,*,*,*,*,*,
Type of mental disorder,Anxiety disorders,109,589.2528922046,8.4802358085,924.345703125,4997.0034767272,20501.1730945184,2234627.8673025,120.8037553953,
,Bipolar disorders,27,145.961725592,4.7407407407,128,691.9666991026,11204.7899040393,302529.327409062,16.3547046929,
,Depressive disorders,158,854.1463942048,5.7088607595,902,4876.2028327387,19120.8517305918,3021094.57343351,163.3200655981,
,"Disruptive, impulse-control, and conduct disorders",*,*,*,*,*,*,*,*,
,Eating disorders,*,*,*,*,*,*,*,*,
,Obsessive-compulsive disorders,*,*,*,*,*,*,*,*,
,Personality disorders,*,*,*,*,*,*,*,*,
,Schizophrenia and related disorders,*,*,*,*,*,*,*,*,
,Somatic symptom disorders,*,*,*,*,*,*,*,*,
,Suicidal ideation or attempt,12,64.8718780409,6.3333333333,76,410.8552275922,5615.9013867672,67390.8166412061,3.6431406985,
,Trauma- and stressor-related disorders,14,75.6838577143,5.2857142857,74,400.0432479187,18095.0566019124,253330.792426774,13.6950368919,
,Miscellaneous mental disorders,*,*,*,*,*,*,*,*,
,,,,,,,,,,
"Statistic is not reported because the reporting cell draws from fewer than two hospitals, contains fewer than 11 discharges, has a relative standard error (standard error / weighted estimate) greater than 0.30 or equal to 0, or because the county is missing 2% or more of total discharges in the HCUP State Inpatient Database (SID) when compared to the Medicare Hospital Service Area File.",,,,,,,,,,
"Statistics for age, sex, and expected payer type cannot be calculated because population estimates are not available for missing categories of age or sex and because population insurance coverage information is not available at the county- or region-level.",,,,,,,,,,
"Community-level statistics are from the Agency for Healthcare Research and Quality (AHRQ), Healthcare Cost and Utilization Project (HCUP), State Inpatient Databases (SID), based on data collected by individual States and provided to AHRQ by State Partners. Weighted national estimates are from the HCUP National (Nationwide) Inpatient Sample (NIS).",,,,,,,,,,
"Rates of discharges are calculated using HCUP inpatient data as numerators and Claritas county population estimates as denominators, except for the rate of maternal/neonatal stays, which uses the number of inpatient deliveries as the denominator.",,,,,,,,,,
"For more information, see ""Calculating Community-Level Statistics for HCUPnet: Methods"" PDF (74 KB)",,,,,,,,,,
"Citation: HCUPnet, Healthcare Cost and Utilization Project. Agency for Healthcare Research and Quality, Rockville, MD. https://hcupnet.ahrq.gov/. For more information about HCUP data see http://www.hcup-us.ahrq.gov/",,,,,,,,,,
,,,,,,,,,,
"2016 Lander, Nevada",,,,,,,,,,
Stays Related to Mental and/or Substance Use Disorders,,,,,,,,,,
,,,,,,,,,,
,,Total number of discharges,"Rate of discharges per 100,000 population","Mean length of stay, days",Aggregate number of days in the hospital,"Number of inpatient days per 100,000 population","Mean cost per stay, $","Aggregate costs for all hospital stays, $","Costs for inpatient stays per capita, $",
US Total,,9955578.05705047,3087.6608648232,5.6255443763,56005546.1520072,17369.7732141365,12666.9044891831,126106356383.265,391.111052697,
State Total,,72258.0272576247,2491.5968295108,6.285981104,454212.593954099,15662.1305891031,13193.6337003052,953345943.54377,328.7321589741,
"Lander, Nevada",,95,1521.9480935598,6.0421052632,574,9195.7705863505,15617.2106189996,1483635.00880496,237.6858392831,
Age group,<1,*,*,*,*,*,*,*,*,
,1-17,*,*,*,*,*,*,*,*,
,18-44,31,1501.210653753,3.7419354839,116,5617.4334140436,9144.5866464984,283482.18604145,137.2795089789,
,45-64,37,2260.2321319487,6.2972972973,233,14233.3536957849,13206.2099603328,488629.768532314,298.491000936,
,65-84,23,2584.2696629213,8.5652173913,197,22134.8314606741,26793.4601032744,616249.582375311,692.4152610959,
,Missing,*,†,*,*,†,*,*,†,
Sex,Male,32,1004.0790712269,7.6875,246,7718.8578600565,22557.3921788704,721836.549723855,226.4940538826,
,Female,63,2062.1931260229,5.2063492063,328,10736.4975450081,12092.0390330335,761798.45908111,249.3611977352,
,Missing,*,†,*,*,†,*,*,†,
Payer,Medicare,25,†,8.48,212,†,26201.0246589021,655025.616472553,†,
,Medicaid,32,†,5.375,172,†,7959.5378426673,254705.210965355,†,
,Private insurance,32,†,5.03125,161,†,15545.7299575753,497463.358642409,†,
,Uninsured,*,†,*,*,†,*,*,†,
,Other,*,†,*,*,†,*,*,†,
,Missing,*,†,*,*,†,*,*,†,
Type of stay,Maternal delivery hospitalization,*,*,*,*,*,*,*,†,
,Neonatal birth hospitalization,*,*,*,*,*,*,*,†,
,Nonmaternal/nonneonatal hospitalization,89,247.9108635097,6.3483146067,565,1573.8161559888,16389.0029338918,1458621.26111637,†,
Type of substance use disorder,Alcohol-related disorders,25,400.5126561999,6.48,162,2595.3220121756,19009.4829511753,475237.073779384,76.1353850976,
,Cannabis-related disorders,*,*,*,*,*,*,*,*,
,Neonatal abstinence syndrome,*,*,*,*,*,*,*,*,
,Opioid-related disorders,*,*,*,*,*,*,*,*,
,Sedative-related disorders,*,*,*,*,*,*,*,*,
,Stimulant-related disorders,*,*,*,*,*,*,*,*,
,Miscellaneous substances and addictive disorders,*,*,*,*,*,*,*,*,
Type of mental disorder,Anxiety disorders,27,432.5536686959,6.2592592593,169,2707.4655559116,15913.492682754,429664.302434359,68.8343964169,
,Bipolar disorders,*,*,*,*,*,*,*,*,
,Depressive disorders,39,624.7997436719,5.6666666667,221,3540.5318808074,12049.4038583256,469926.750474701,75.2846444208,
,"Disruptive, impulse-control, and conduct disorders",*,*,*,*,*,*,*,*,
,Eating disorders,*,*,*,*,*,*,*,*,
,Obsessive-compulsive disorders,*,*,*,*,*,*,*,*,
,Personality disorders,*,*,*,*,*,*,*,*,
,Schizophrenia and related disorders,*,*,*,*,*,*,*,*,
,Somatic symptom disorders,*,*,*,*,*,*,*,*,
,Suicidal ideation or attempt,*,*,*,*,*,*,*,*,
,Trauma- and stressor-related disorders,*,*,*,*,*,*,*,*,
,Miscellaneous mental disorders,*,*,*,*,*,*,*,*,
,,,,,,,,,,
"Statistic is not reported because the reporting cell draws from fewer than two hospitals, contains fewer than 11 discharges, has a relative standard error (standard error / weighted estimate) greater than 0.30 or equal to 0, or because the county is missing 2% or more of total discharges in the HCUP State Inpatient Database (SID) when compared to the Medicare Hospital Service Area File.",,,,,,,,,,
"Statistics for age, sex, and expected payer type cannot be calculated because population estimates are not available for missing categories of age or sex and because population insurance coverage information is not available at the county- or region-level.",,,,,,,,,,
"Community-level statistics are from the Agency for Healthcare Research and Quality (AHRQ), Healthcare Cost and Utilization Project (HCUP), State Inpatient Databases (SID), based on data collected by individual States and provided to AHRQ by State Partners. Weighted national estimates are from the HCUP National (Nationwide) Inpatient Sample (NIS).",,,,,,,,,,
"Rates of discharges are calculated using HCUP inpatient data as numerators and Claritas county population estimates as denominators, except for the rate of maternal/neonatal stays, which uses the number of inpatient deliveries as the denominator.",,,,,,,,,,
"For more information, see ""Calculating Community-Level Statistics for HCUPnet: Methods"" PDF (74 KB)",,,,,,,,,,
"Citation: HCUPnet, Healthcare Cost and Utilization Project. Agency for Healthcare Research and Quality, Rockville, MD. https://hcupnet.ahrq.gov/. For more information about HCUP data see http://www.hcup-us.ahrq.gov/",,,,,,,,,,
,,,,,,,,,,
"2016 Lincoln, Nevada",,,,,,,,,,
Stays Related to Mental and/or Substance Use Disorders,,,,,,,,,,
,,,,,,,,,,
,,Total number of discharges,"Rate of discharges per 100,000 population","Mean length of stay, days",Aggregate number of days in the hospital,"Number of inpatient days per 100,000 population","Mean cost per stay, $","Aggregate costs for all hospital stays, $","Costs for inpatient stays per capita, $",
US Total,,9955578.05705047,3087.6608648232,5.6255443763,56005546.1520072,17369.7732141365,12666.9044891831,126106356383.265,391.111052697,
State Total,,72258.0272576247,2491.5968295108,6.285981104,454212.593954099,15662.1305891031,13193.6337003052,953345943.54377,328.7321589741,
"Lincoln, Nevada",,127,2508.3942326684,6.0157480315,764,15089.8676673908,13870.999891209,1761616.98618354,347.9393612845,
Age group,<1,*,*,*,*,*,*,*,*,
,1-17,*,*,*,*,*,*,*,*,
,18-44,14,850.5467800729,4.4285714286,62,3766.7071688943,8731.7827580744,122244.95861304,74.2678970918,
,45-64,34,2577.7103866565,5.3823529412,183,13874.147081122,16985.4010362406,577503.635232182,437.8344467264,
,65-84,77,7368.4210526316,6.1818181818,476,45550.2392344497,13203.7210578394,1016686.52145364,972.9057621566,
,Missing,*,†,*,*,†,*,*,†,
Sex,Male,62,2244.7501810282,6.1612903226,382,13830.5575669804,13423.1125689873,832232.979277216,301.315343692,
,Female,65,2824.8587570621,5.8769230769,382,16601.4776184267,14298.2154908666,929384.006906329,403.9043923974,
,Missing,*,†,*,*,†,*,*,†,
Payer,Medicare,78,†,6.2564102564,488,†,14311.6310339571,1116307.22064865,†,
,Medicaid,18,†,7.4444444444,134,†,11304.1012510754,203473.822519358,†,
,Private insurance,19,†,3.8947368421,74,†,13054.0905917569,248027.721243382,†,
,Uninsured,*,†,*,*,†,*,*,†,
,Other,*,†,*,*,†,*,*,†,
,Missing,*,†,*,*,†,*,*,†,
Type of stay,Maternal delivery hospitalization,*,*,*,*,*,*,*,†,
,Neonatal birth hospitalization,*,*,*,*,*,*,*,†,
,Nonmaternal/nonneonatal hospitalization,126,323.0769230769,6.0555555556,763,1956.4102564102,13962.6391486259,1759292.53272686,†,
Type of substance use disorder,Alcohol-related disorders,22,434.5249851866,6.5,143,2824.4124037132,15217.7183330377,334789.803326829,66.1247883324,
,Cannabis-related disorders,*,*,*,*,*,*,*,*,
,Neonatal abstinence syndrome,*,*,*,*,*,*,*,*,
,Opioid-related disorders,*,*,*,*,*,*,*,*,
,Sedative-related disorders,*,*,*,*,*,*,*,*,
,Stimulant-related disorders,*,*,*,*,*,*,*,*,
,Miscellaneous substances and addictive disorders,*,*,*,*,*,*,*,*,
Type of mental disorder,Anxiety disorders,73,1441.8329053921,5.9178082192,432,8532.4906182105,13023.9644838909,950749.407324036,187.7838055153,
,Bipolar disorders,*,*,*,*,*,*,*,*,
,Depressive disorders,53,1046.810191586,5.5660377358,295,5826.5850286391,14209.5147702126,753104.28282127,148.7466487895,
,"Disruptive, impulse-control, and conduct disorders",*,*,*,*,*,*,*,*,
,Eating disorders,*,*,*,*,*,*,*,*,
,Obsessive-compulsive disorders,*,*,*,*,*,*,*,*,
,Personality disorders,*,*,*,*,*,*,*,*,
,Schizophrenia and related disorders,*,*,*,*,*,*,*,*,
,Somatic symptom disorders,*,*,*,*,*,*,*,*,
,Suicidal ideation or attempt,*,*,*,*,*,*,*,*,
,Trauma- and stressor-related disorders,*,*,*,*,*,*,*,*,
,Miscellaneous mental disorders,*,*,*,*,*,*,*,*,
,,,,,,,,,,
"Statistic is not reported because the reporting cell draws from fewer than two hospitals, contains fewer than 11 discharges, has a relative standard error (standard error / weighted estimate) greater than 0.30 or equal to 0, or because the county is missing 2% or more of total discharges in the HCUP State Inpatient Database (SID) when compared to the Medicare Hospital Service Area File.",,,,,,,,,,
"Statistics for age, sex, and expected payer type cannot be calculated because population estimates are not available for missing categories of age or sex and because population insurance coverage information is not available at the county- or region-level.",,,,,,,,,,
"Community-level statistics are from the Agency for Healthcare Research and Quality (AHRQ), Healthcare Cost and Utilization Project (HCUP), State Inpatient Databases (SID), based on data collected by individual States and provided to AHRQ by State Partners. Weighted national estimates are from the HCUP National (Nationwide) Inpatient Sample (NIS).",,,,,,,,,,
"Rates of discharges are calculated using HCUP inpatient data as numerators and Claritas county population estimates as denominators, except for the rate of maternal/neonatal stays, which uses the number of inpatient deliveries as the denominator.",,,,,,,,,,
"For more information, see ""Calculating Community-Level Statistics for HCUPnet: Methods"" PDF (74 KB)",,,,,,,,,,
"Citation: HCUPnet, Healthcare Cost and Utilization Project. Agency for Healthcare Research and Quality, Rockville, MD. https://hcupnet.ahrq.gov/. For more information about HCUP data see http://www.hcup-us.ahrq.gov/",,,,,,,,,,
,,,,,,,,,,
"2016 Lyon, Nevada",,,,,,,,,,
Stays Related to Mental and/or Substance Use Disorders,,,,,,,,,,
,,,,,,,,,,
,,Total number of discharges,"Rate of discharges per 100,000 population","Mean length of stay, days",Aggregate number of days in the hospital,"Number of inpatient days per 100,000 population","Mean cost per stay, $","Aggregate costs for all hospital stays, $","Costs for inpatient stays per capita, $",
US Total,,9955578.05705047,3087.6608648232,5.6255443763,56005546.1520072,17369.7732141365,12666.9044891831,126106356383.265,391.111052697,
State Total,,72258.0272576247,2491.5968295108,6.285981104,454212.593954099,15662.1305891031,13193.6337003052,953345943.54377,328.7321589741,
"Lyon, Nevada",,1692,3378.2569631626,5.5401891253,9374,18716.1824897674,11645.5041893641,19704193.088404,393.4150561726,
Age group,<1,15,2650.1766784452,9.5333333333,143,25265.0176678445,11603.8960820529,174058.441230793,307.5237477576,
,1-17,20,187.4589933452,4.1,82,768.5818727153,11074.2184049341,221484.368098683,20.7596183427,
,18-44,482,3240.118311374,5.3796680498,2593,17430.7609572465,10274.3469674394,4952235.23830581,332.9009974661,
,45-64,631,4522.9732635653,5.1996830428,3281,23518.0273815497,11804.8646321791,7448869.58290504,533.9308711135,
,65-84,544,5427.5167115634,6.0202205882,3275,32674.8478499451,12697.6938563671,6907545.45786371,689.1694560375,
,Missing,*,†,*,*,†,*,*,†,
Sex,Male,648,2562.5815636493,6.424382716,4163,16463.0047059754,13231.7384515802,8574166.51662398,339.0740901105,
,Female,1044,4210.0169368497,4.9913793103,5211,21013.7914347931,10660.9449921265,11130026.57178,448.8275897968,
,Missing,*,†,*,*,†,*,*,†,
Payer,Medicare,669,†,5.8325859492,3902,†,12502.0300766007,8363858.12124587,†,
,Medicaid,502,†,5.8725099602,2948,†,10442.7356286915,5242253.28560316,†,
,Private insurance,390,†,4.4128205128,1721,†,10729.3636420288,4184451.82039124,†,
,Uninsured,53,†,5.0188679245,266,†,12235.1089919526,648460.776573488,†,
,Other,69,†,7.115942029,491,†,17148.9001330008,1183274.10917705,†,
,Missing,*,†,*,*,†,*,*,†,
Type of stay,Maternal delivery hospitalization,54,103.2504780115,2.6296296296,142,271.5105162524,5240.2035470473,282970.991540554,†,
,Neonatal birth hospitalization,12,22.9007633588,2.5,30,57.2519083969,1390.190187866,16682.2822543916,†,
,Nonmaternal/nonneonatal hospitalization,1626,316.8355416991,5.6592865929,9202,1793.0631332814,11933.9113250978,19404539.8146091,†,
Type of substance use disorder,Alcohol-related disorders,393,784.6660676849,6.2366412214,2451,4893.6807427373,12353.273712663,4854836.56907657,96.9319470715,
,Cannabis-related disorders,123,245.5825097335,4.3902439024,540,1078.167115903,9047.9903076467,1112902.80784054,22.220281678,
,Neonatal abstinence syndrome,*,*,*,*,*,*,*,*,
,Opioid-related disorders,181,361.3856444045,6.0939226519,1103,2202.2561645203,10901.3593635925,1973146.04481024,39.395947785,
,Sedative-related disorders,13,25.9558750125,4.9230769231,64,127.7827692922,8062.3696708992,104810.80572169,2.0926585948,
,Stimulant-related disorders,101,201.6571827893,6.4851485149,655,1307.7767794749,10780.9623160821,1088877.19392429,21.7405848842,
,Miscellaneous substances and addictive disorders,68,135.769192373,5.3529411765,364,726.7645003494,7528.0535528585,511907.641594377,10.2207775101,
Type of mental disorder,Anxiety disorders,693,1383.6477987421,5.4343434343,3766,7519.2173305381,11178.8941858279,7746973.67077876,154.6765233259,
,Bipolar disorders,154,307.4772886094,6.2792207792,967,1930.7177797744,9123.2350485541,1404978.19747732,28.0518757608,
,Depressive disorders,685,1367.6749525806,5.103649635,3496,6980.1337725866,11052.7795350009,7571153.98147567,151.1660972642,
,"Disruptive, impulse-control, and conduct disorders",*,*,*,*,*,*,*,*,
,Eating disorders,*,*,*,*,*,*,*,*,
,Obsessive-compulsive disorders,*,*,*,*,*,*,*,*,
,Personality disorders,57,113.8065289009,7.3157894737,417,832.5846061695,7621.2095536291,434408.94455686,8.6734340532,
,Schizophrenia and related disorders,80,159.7284616153,10.5875,847,1691.1250873515,12500.8053905893,1000064.43124714,19.9673441399,
,Somatic symptom disorders,*,*,*,*,*,*,*,*,
,Suicidal ideation or attempt,55,109.8133173605,4.0909090909,225,449.2362982929,7537.3973719601,414556.855457804,8.2770660968,
,Trauma- and stressor-related disorders,98,195.6673654787,6.5,637,1271.8378756115,10511.6789020635,1030144.53240222,20.5679251752,
,Miscellaneous mental disorders,56,111.8099231307,4.0357142857,226,451.2329040631,6785.6625404407,379997.102264681,7.5870440704,
,,,,,,,,,,
"Statistic is not reported because the reporting cell draws from fewer than two hospitals, contains fewer than 11 discharges, has a relative standard error (standard error / weighted estimate) greater than 0.30 or equal to 0, or because the county is missing 2% or more of total discharges in the HCUP State Inpatient Database (SID) when compared to the Medicare Hospital Service Area File.",,,,,,,,,,
"Statistics for age, sex, and expected payer type cannot be calculated because population estimates are not available for missing categories of age or sex and because population insurance coverage information is not available at the county- or region-level.",,,,,,,,,,
"Community-level statistics are from the Agency for Healthcare Research and Quality (AHRQ), Healthcare Cost and Utilization Project (HCUP), State Inpatient Databases (SID), based on data collected by individual States and provided to AHRQ by State Partners. Weighted national estimates are from the HCUP National (Nationwide) Inpatient Sample (NIS).",,,,,,,,,,
"Rates of discharges are calculated using HCUP inpatient data as numerators and Claritas county population estimates as denominators, except for the rate of maternal/neonatal stays, which uses the number of inpatient deliveries as the denominator.",,,,,,,,,,
"For more information, see ""Calculating Community-Level Statistics for HCUPnet: Methods"" PDF (74 KB)",,,,,,,,,,
"Citation: HCUPnet, Healthcare Cost and Utilization Project. Agency for Healthcare Research and Quality, Rockville, MD. https://hcupnet.ahrq.gov/. For more information about HCUP data see http://www.hcup-us.ahrq.gov/",,,,,,,,,,
,,,,,,,,,,
"2016 Mineral, Nevada",,,,,,,,,,
Stays Related to Mental and/or Substance Use Disorders,,,,,,,,,,
,,,,,,,,,,
,,Total number of discharges,"Rate of discharges per 100,000 population","Mean length of stay, days",Aggregate number of days in the hospital,"Number of inpatient days per 100,000 population","Mean cost per stay, $","Aggregate costs for all hospital stays, $","Costs for inpatient stays per capita, $",
US Total,,9955578.05705047,3087.6608648232,5.6255443763,56005546.1520072,17369.7732141365,12666.9044891831,126106356383.265,391.111052697,
State Total,,72258.0272576247,2491.5968295108,6.285981104,454212.593954099,15662.1305891031,13193.6337003052,953345943.54377,328.7321589741,
"Mineral, Nevada",,256,5760.5760576058,7.1085889041,1819.7987594604,40949.5670445645,20710.8587038921,5301979.82819639,1193.064767821,
Age group,<1,*,*,*,*,*,*,*,*,
,1-17,*,*,*,*,*,*,*,*,
,18-44,67,5602.0066889632,6.4776119403,434,36287.6254180602,18731.9567121066,1255041.09971114,1049.3654679859,
,45-64,89,6974.921630094,5.4382022472,484,37931.0344827586,23011.9600881641,2048064.44784661,1605.066181698,
,65-84,95,8504.9239033124,9.4189343101,894.7987594604,80107.3195577841,20539.5486984138,1951257.12634931,1746.8729868839,
,Missing,*,†,*,*,†,*,*,†,
Sex,Male,124,5641.4922656961,6.6032158021,818.7987594604,37251.9908762715,21618.1054142918,2680645.07137218,1219.5837449373,
,Female,132,5877.1148708816,7.5833333333,1001,44568.1211041852,19858.5966426076,2621334.7568242,1167.1125364311,
,Missing,*,†,*,*,†,*,*,†,
Payer,Medicare,118,†,6.9745762712,823,†,21235.8098528118,2505825.56263179,†,
,Medicaid,72,†,7.5944272147,546.7987594604,†,19558.6510919831,1408222.87862278,†,
,Private insurance,42,†,4.3571428571,183,†,21456.3319960307,901165.943833292,†,
,Uninsured,14,†,15.7142857143,220,†,24471.1090232261,342595.526325166,†,
,Other,*,†,*,*,†,*,*,†,
,Missing,*,†,*,*,†,*,*,†,
Type of stay,Maternal delivery hospitalization,*,*,*,*,*,*,*,†,
,Neonatal birth hospitalization,*,*,*,*,*,*,*,†,
,Nonmaternal/nonneonatal hospitalization,253,318.6397984887,7.1770701955,1815.7987594604,2286.9002008318,20917.849429651,5292215.90570172,†,
Type of substance use disorder,Alcohol-related disorders,93,2092.7092709271,7.4171909619,689.7987594604,15522.0242902891,21362.3472237103,1986698.29180506,447.0518208382,
,Cannabis-related disorders,16,360.0360036004,5.3125,85,1912.6912691269,17524.8473794304,280397.558070886,63.095760142,
,Neonatal abstinence syndrome,*,*,*,*,*,*,*,*,
,Opioid-related disorders,15,337.5337533753,6.7333333333,101,2272.7272727273,20611.8354042462,309177.531063694,69.5719016795,
,Sedative-related disorders,*,*,*,*,*,*,*,*,
,Stimulant-related disorders,16,360.0360036004,11.625,186,4185.4185418542,27369.8675292007,437917.880467212,98.5413772428,
,Miscellaneous substances and addictive disorders,*,*,*,*,*,*,*,*,
Type of mental disorder,Anxiety disorders,74,1665.1665166517,6.2027027027,459,10328.5328532853,22540.3929280865,1667989.0766784,375.3350757602,
,Bipolar disorders,13,292.5292529253,4.7692307692,62,1395.1395139514,19971.0013479435,259623.017523266,58.4210210448,
,Depressive disorders,76,1710.1710171017,7.25,551,12398.7398739874,18521.7865732111,1407655.77956404,316.7542258245,
,"Disruptive, impulse-control, and conduct disorders",*,*,*,*,*,*,*,*,
,Eating disorders,*,*,*,*,*,*,*,*,
,Obsessive-compulsive disorders,*,*,*,*,*,*,*,*,
,Personality disorders,*,*,*,*,*,*,*,*,
,Schizophrenia and related disorders,11,247.5247524752,2.8181818182,31,697.5697569757,14860.8418024942,163469.259827436,36.7842618874,
,Somatic symptom disorders,*,*,*,*,*,*,*,*,
,Suicidal ideation or attempt,14,315.0315031503,5.1428571429,72,1620.1620162016,14120.7367268486,197690.314175881,44.4847691665,
,Trauma- and stressor-related disorders,12,270.0270027003,7.6666666667,92,2070.2070207021,12355.016624988,148260.199499857,33.3618810756,
,Miscellaneous mental disorders,11,247.5247524752,6.4545454545,71,1597.6597659766,11825.7839916586,130083.623908245,29.2717425536,
,,,,,,,,,,
"Statistic is not reported because the reporting cell draws from fewer than two hospitals, contains fewer than 11 discharges, has a relative standard error (standard error / weighted estimate) greater than 0.30 or equal to 0, or because the county is missing 2% or more of total discharges in the HCUP State Inpatient Database (SID) when compared to the Medicare Hospital Service Area File.",,,,,,,,,,
"Statistics for age, sex, and expected payer type cannot be calculated because population estimates are not available for missing categories of age or sex and because population insurance coverage information is not available at the county- or region-level.",,,,,,,,,,
"Community-level statistics are from the Agency for Healthcare Research and Quality (AHRQ), Healthcare Cost and Utilization Project (HCUP), State Inpatient Databases (SID), based on data collected by individual States and provided to AHRQ by State Partners. Weighted national estimates are from the HCUP National (Nationwide) Inpatient Sample (NIS).",,,,,,,,,,
"Rates of discharges are calculated using HCUP inpatient data as numerators and Claritas county population estimates as denominators, except for the rate of maternal/neonatal stays, which uses the number of inpatient deliveries as the denominator.",,,,,,,,,,
"For more information, see ""Calculating Community-Level Statistics for HCUPnet: Methods"" PDF (74 KB)",,,,,,,,,,
"Citation: HCUPnet, Healthcare Cost and Utilization Project. Agency for Healthcare Research and Quality, Rockville, MD. https://hcupnet.ahrq.gov/. For more information about HCUP data see http://www.hcup-us.ahrq.gov/",,,,,,,,,,
,,,,,,,,,,
"2016 Nye, Nevada",,,,,,,,,,
Stays Related to Mental and/or Substance Use Disorders,,,,,,,,,,
,,,,,,,,,,
,,Total number of discharges,"Rate of discharges per 100,000 population","Mean length of stay, days",Aggregate number of days in the hospital,"Number of inpatient days per 100,000 population","Mean cost per stay, $","Aggregate costs for all hospital stays, $","Costs for inpatient stays per capita, $",
US Total,,9955578.05705047,3087.6608648232,5.6255443763,56005546.1520072,17369.7732141365,12666.9044891831,126106356383.265,391.111052697,
State Total,,72258.0272576247,2491.5968295108,6.285981104,454212.593954099,15662.1305891031,13193.6337003052,953345943.54377,328.7321589741,
"Nye, Nevada",,1661,3866.5673448484,6.5496688742,10879,25324.7357884445,14744.2644464517,24490223.2455562,570.0969143246,
Age group,<1,*,*,*,*,*,*,*,*,
,1-17,*,*,*,*,*,*,*,*,
,18-44,334,3217.1065305336,6.0898203593,2034,19591.6008476208,11014.4416507747,3678823.51135877,354.3463216489,
,45-64,675,5306.6037735849,6.5896296296,4448,34968.5534591195,16037.6555451564,10825417.4929806,851.0548343538,
,65-84,634,5205.681911487,6.6766561514,4233,34756.5481566631,15557.293474613,9863324.06290468,809.8632123249,
,Missing,*,†,*,*,†,*,*,†,
Sex,Male,800,3686.4660614718,7.28125,5825,26842.0810100917,16240.0767411747,12992061.3929397,598.6849174204,
,Female,854,4017.5001176083,5.8430913349,4990,23474.6201251352,13341.271277035,11393445.6705878,535.9855892453,
,Missing,*,†,*,*,†,*,*,†,
Payer,Medicare,772,†,6.1360103627,4737,†,14987.5382321187,11570379.5151956,†,
,Medicaid,555,†,7.5117117117,4169,†,13890.5929669163,7709279.09663858,†,
,Private insurance,227,†,5.986784141,1359,†,16386.1803208525,3719662.93283352,†,
,Uninsured,24,†,5.5416666667,133,†,15466.3647650528,371192.754361268,†,
,Other,83,†,5.7951807229,481,†,13490.4692352673,1119708.94652719,†,
,Missing,*,†,*,*,†,*,*,†,
Type of stay,Maternal delivery hospitalization,24,70.3812316716,2.5,60,175.9530791789,5195.3470691996,124688.32966079,†,
,Neonatal birth hospitalization,*,*,*,*,*,*,*,†,
,Nonmaternal/nonneonatal hospitalization,1627,293.7883712532,6.5599262446,10673,1927.2300469484,14924.5909980887,24282309.5538903,†,
Type of substance use disorder,Alcohol-related disorders,335,779.8314632897,8.2268656716,2756,6415.5686950044,19335.4393435822,6477372.18010004,150.7838395666,
,Cannabis-related disorders,150,349.1782671447,4.9666666667,745,1734.2520601518,10997.8930080393,1649683.9512059,38.4022522279,
,Neonatal abstinence syndrome,*,*,*,*,*,*,*,*,
,Opioid-related disorders,152,353.8339773732,6.7039473684,1019,2372.0843614693,15300.9849720132,2325749.71574601,54.1400837038,
,Sedative-related disorders,13,30.2621164859,4.7692307692,62,144.3270170865,4785.1697123,62207.2062598999,1.4480936324,
,Stimulant-related disorders,81,188.5562642581,5.987654321,485,1129.0097304344,9879.3867547399,800230.327133936,18.6282025963,
,Miscellaneous substances and addictive disorders,59,137.3434517436,6.7627118644,399,928.8141906048,11128.3086097107,656570.207972936,15.2840031653,
Type of mental disorder,Anxiety disorders,679,1580.6136226081,6.0677466863,4120,9590.7630709065,14074.1885516314,9556374.02655776,222.4585415186,
,Bipolar disorders,160,372.4568182876,6.325,1012,2355.7893756693,7694.3780920762,1231100.49473218,28.6582358288,
,Depressive disorders,585,1361.7952418641,6.6290598291,3878,9027.4221332464,14493.0876563093,8478456.27894096,197.3661781028,
,"Disruptive, impulse-control, and conduct disorders",*,*,*,*,*,*,*,*,
,Eating disorders,*,*,*,*,*,*,*,*,
,Obsessive-compulsive disorders,*,*,*,*,*,*,*,*,
,Personality disorders,13,30.2621164859,6.5384615385,85,197.8676847153,10586.3346685648,137622.350691343,3.203648929,
,Schizophrenia and related disorders,105,244.4247870013,7.2,756,1759.858466409,8653.1989717993,908585.892038925,21.1505631556,
,Somatic symptom disorders,*,*,*,*,*,*,*,*,
,Suicidal ideation or attempt,74,172.261278458,6.9324324324,513,1194.1896736347,7419.3445507604,549031.496756266,12.7806577763,
,Trauma- and stressor-related disorders,124,288.6540341729,6.7903225806,842,1960.0540062386,11789.6844271214,1461920.86896305,34.0313997151,
,Miscellaneous mental disorders,37,86.130639229,8.1891891892,303,705.3400996322,10407.580220779,385080.468168826,8.9641153724,
,,,,,,,,,,
"Statistic is not reported because the reporting cell draws from fewer than two hospitals, contains fewer than 11 discharges, has a relative standard error (standard error / weighted estimate) greater than 0.30 or equal to 0, or because the county is missing 2% or more of total discharges in the HCUP State Inpatient Database (SID) when compared to the Medicare Hospital Service Area File.",,,,,,,,,,
"Statistics for age, sex, and expected payer type cannot be calculated because population estimates are not available for missing categories of age or sex and because population insurance coverage information is not available at the county- or region-level.",,,,,,,,,,
"Community-level statistics are from the Agency for Healthcare Research and Quality (AHRQ), Healthcare Cost and Utilization Project (HCUP), State Inpatient Databases (SID), based on data collected by individual States and provided to AHRQ by State Partners. Weighted national estimates are from the HCUP National (Nationwide) Inpatient Sample (NIS).",,,,,,,,,,
"Rates of discharges are calculated using HCUP inpatient data as numerators and Claritas county population estimates as denominators, except for the rate of maternal/neonatal stays, which uses the number of inpatient deliveries as the denominator.",,,,,,,,,,
"For more information, see ""Calculating Community-Level Statistics for HCUPnet: Methods"" PDF (74 KB)",,,,,,,,,,
"Citation: HCUPnet, Healthcare Cost and Utilization Project. Agency for Healthcare Research and Quality, Rockville, MD. https://hcupnet.ahrq.gov/. For more information about HCUP data see http://www.hcup-us.ahrq.gov/",,,,,,,,,,
,,,,,,,,,,
"2016 Pershing, Nevada",,,,,,,,,,
Stays Related to Mental and/or Substance Use Disorders,,,,,,,,,,
,,,,,,,,,,
,,Total number of discharges,"Rate of discharges per 100,000 population","Mean length of stay, days",Aggregate number of days in the hospital,"Number of inpatient days per 100,000 population","Mean cost per stay, $","Aggregate costs for all hospital stays, $","Costs for inpatient stays per capita, $",
US Total,,9955578.05705047,3087.6608648232,5.6255443763,56005546.1520072,17369.7732141365,12666.9044891831,126106356383.265,391.111052697,
State Total,,72258.0272576247,2491.5968295108,6.285981104,454212.593954099,15662.1305891031,13193.6337003052,953345943.54377,328.7321589741,
"Pershing, Nevada",,93,1643.690349947,6.2043010753,577,10197.949805585,14443.4840314046,1343244.01492063,237.4061532203,
Age group,<1,*,*,*,*,*,*,*,*,
,1-17,*,*,*,*,*,*,*,*,
,18-44,32,1414.0521431728,5.78125,185,8174.9889527176,11611.791547431,371577.329517793,164.1967872372,
,45-64,30,1823.7082066869,7.0333333333,211,12826.7477203647,16565.194727588,496955.841827642,302.1008157007,
,65-84,31,4073.5873850197,5.8387096774,181,23784.4940867279,15313.2530185547,474710.843575198,623.7987432,
,Missing,*,†,*,*,†,*,*,†,
Sex,Male,36,976.9335142469,6.0277777778,217,5888.7381275441,17059.8084128086,614153.102861112,166.662985851,
,Female,57,2889.0015205271,6.3157894737,360,18246.3253928028,12791.0686326231,729090.912059521,369.5341672882,
,Missing,*,†,*,*,†,*,*,†,
Payer,Medicare,38,†,6,228,†,15404.9054336445,585386.406478492,†,
,Medicaid,23,†,6.8695652174,158,†,12319.0755618798,283338.737923236,†,
,Private insurance,20,†,7.55,151,†,17657.5282354543,353150.564709086,†,
,Uninsured,*,†,*,*,†,*,*,†,
,Other,*,†,*,*,†,*,*,†,
,Missing,*,†,*,*,†,*,*,†,
Type of stay,Maternal delivery hospitalization,*,*,*,*,*,*,*,†,
,Neonatal birth hospitalization,*,*,*,*,*,*,*,†,
,Nonmaternal/nonneonatal hospitalization,91,282.6086956522,6.2857142857,572,1776.3975155279,14708.436422379,1338467.71443649,†,
Type of substance use disorder,Alcohol-related disorders,25,441.8522446094,6.8,170,3004.5952633439,16921.7092206967,423042.730517417,74.7689520179,
,Cannabis-related disorders,14,247.4372569813,6.4285714286,90,1590.6680805938,11074.5755003,155044.0570042,27.4026258403,
,Neonatal abstinence syndrome,*,*,*,*,*,*,*,*,
,Opioid-related disorders,*,*,*,*,*,*,*,*,
,Sedative-related disorders,*,*,*,*,*,*,*,*,
,Stimulant-related disorders,*,*,*,*,*,*,*,*,
,Miscellaneous substances and addictive disorders,*,*,*,*,*,*,*,*,
Type of mental disorder,Anxiety disorders,31,547.8967833157,5.5161290323,171,3022.2693531283,11791.9224678304,365549.596502743,64.6075638923,
,Bipolar disorders,*,*,*,*,*,*,*,*,
,Depressive disorders,38,671.6154118063,5.7894736842,220,3888.2997525627,12985.8371210204,493461.810598776,87.2148834568,
,"Disruptive, impulse-control, and conduct disorders",*,*,*,*,*,*,*,*,
,Eating disorders,*,*,*,*,*,*,*,*,
,Obsessive-compulsive disorders,*,*,*,*,*,*,*,*,
,Personality disorders,*,*,*,*,*,*,*,*,
,Schizophrenia and related disorders,*,*,*,*,*,*,*,*,
,Somatic symptom disorders,*,*,*,*,*,*,*,*,
,Suicidal ideation or attempt,*,*,*,*,*,*,*,*,
,Trauma- and stressor-related disorders,*,*,*,*,*,*,*,*,
,Miscellaneous mental disorders,*,*,*,*,*,*,*,*,
,,,,,,,,,,
"Statistic is not reported because the reporting cell draws from fewer than two hospitals, contains fewer than 11 discharges, has a relative standard error (standard error / weighted estimate) greater than 0.30 or equal to 0, or because the county is missing 2% or more of total discharges in the HCUP State Inpatient Database (SID) when compared to the Medicare Hospital Service Area File.",,,,,,,,,,
"Statistics for age, sex, and expected payer type cannot be calculated because population estimates are not available for missing categories of age or sex and because population insurance coverage information is not available at the county- or region-level.",,,,,,,,,,
"Community-level statistics are from the Agency for Healthcare Research and Quality (AHRQ), Healthcare Cost and Utilization Project (HCUP), State Inpatient Databases (SID), based on data collected by individual States and provided to AHRQ by State Partners. Weighted national estimates are from the HCUP National (Nationwide) Inpatient Sample (NIS).",,,,,,,,,,
"Rates of discharges are calculated using HCUP inpatient data as numerators and Claritas county population estimates as denominators, except for the rate of maternal/neonatal stays, which uses the number of inpatient deliveries as the denominator.",,,,,,,,,,
"For more information, see ""Calculating Community-Level Statistics for HCUPnet: Methods"" PDF (74 KB)",,,,,,,,,,
"Citation: HCUPnet, Healthcare Cost and Utilization Project. Agency for Healthcare Research and Quality, Rockville, MD. https://hcupnet.ahrq.gov/. For more information about HCUP data see http://www.hcup-us.ahrq.gov/",,,,,,,,,,
,,,,,,,,,,
"2016 Storey, Nevada",,,,,,,,,,
Stays Related to Mental and/or Substance Use Disorders,,,,,,,,,,
,,,,,,,,,,
,,Total number of discharges,"Rate of discharges per 100,000 population","Mean length of stay, days",Aggregate number of days in the hospital,"Number of inpatient days per 100,000 population","Mean cost per stay, $","Aggregate costs for all hospital stays, $","Costs for inpatient stays per capita, $",
US Total,,9955578.05705047,3087.6608648232,5.6255443763,56005546.1520072,17369.7732141365,12666.9044891831,126106356383.265,391.111052697,
State Total,,72258.0272576247,2491.5968295108,6.285981104,454212.593954099,15662.1305891031,13193.6337003052,953345943.54377,328.7321589741,
"Storey, Nevada",,40,3475.2389226759,5.075,203,17636.8375325803,10115.8903026174,404635.612104697,351.5513571718,
Age group,<1,*,*,*,*,*,*,*,*,
,1-17,*,*,*,*,*,*,*,*,
,18-44,*,*,*,*,*,*,*,*,
,45-64,22,4899.7772828508,4.3636363636,96,21380.846325167,10858.0158603173,238876.348926981,532.0185944922,
,65-84,15,4545.4545454545,6.2,93,28181.8181818181,8462.7792287618,126941.688431426,384.6717831255,
,Missing,*,†,*,*,†,*,*,†,
Sex,Male,19,3182.5795644891,5.7368421053,109,18257.9564489112,11153.7601408955,211921.442677015,354.9772909163,
,Female,21,3790.6137184116,4.4761904762,94,16967.5090252707,9176.865210842,192714.169427681,347.8595116023,
,Missing,*,†,*,*,†,*,*,†,
Payer,Medicare,20,†,5.6,112,†,10102.2408671402,202044.817342805,†,
,Medicaid,*,†,*,*,†,*,*,†,
,Private insurance,15,†,4.2666666667,64,†,8926.9300277321,133903.950415981,†,
,Uninsured,*,†,*,*,†,*,*,†,
,Other,*,†,*,*,†,*,*,†,
,Missing,*,†,*,*,†,*,*,†,
Type of stay,Maternal delivery hospitalization,*,*,*,*,*,*,*,†,
,Neonatal birth hospitalization,*,*,*,*,*,*,*,†,
,Nonmaternal/nonneonatal hospitalization,40,333.3333333333,5.075,203,1691.6666666667,10115.8903026174,404635.612104697,†,
Type of substance use disorder,Alcohol-related disorders,*,*,*,*,*,*,*,*,
,Cannabis-related disorders,*,*,*,*,*,*,*,*,
,Neonatal abstinence syndrome,*,*,*,*,*,*,*,*,
,Opioid-related disorders,*,*,*,*,*,*,*,*,
,Sedative-related disorders,*,*,*,*,*,*,*,*,
,Stimulant-related disorders,*,*,*,*,*,*,*,*,
,Miscellaneous substances and addictive disorders,*,*,*,*,*,*,*,*,
Type of mental disorder,Anxiety disorders,11,955.6907037359,4.1818181818,46,3996.5247610773,8527.1226980961,93798.3496790576,81.4929189219,
,Bipolar disorders,*,*,*,*,*,*,*,*,
,Depressive disorders,17,1476.9765421373,4.4705882353,76,6602.9539530843,6868.6252989101,116766.630081471,101.4479844322,
,"Disruptive, impulse-control, and conduct disorders",*,*,*,*,*,*,*,*,
,Eating disorders,*,*,*,*,*,*,*,*,
,Obsessive-compulsive disorders,*,*,*,*,*,*,*,*,
,Personality disorders,*,*,*,*,*,*,*,*,
,Schizophrenia and related disorders,*,*,*,*,*,*,*,*,
,Somatic symptom disorders,*,*,*,*,*,*,*,*,
,Suicidal ideation or attempt,*,*,*,*,*,*,*,*,
,Trauma- and stressor-related disorders,*,*,*,*,*,*,*,*,
,Miscellaneous mental disorders,*,*,*,*,*,*,*,*,
,,,,,,,,,,
"Statistic is not reported because the reporting cell draws from fewer than two hospitals, contains fewer than 11 discharges, has a relative standard error (standard error / weighted estimate) greater than 0.30 or equal to 0, or because the county is missing 2% or more of total discharges in the HCUP State Inpatient Database (SID) when compared to the Medicare Hospital Service Area File.",,,,,,,,,,
"Statistics for age, sex, and expected payer type cannot be calculated because population estimates are not available for missing categories of age or sex and because population insurance coverage information is not available at the county- or region-level.",,,,,,,,,,
"Community-level statistics are from the Agency for Healthcare Research and Quality (AHRQ), Healthcare Cost and Utilization Project (HCUP), State Inpatient Databases (SID), based on data collected by individual States and provided to AHRQ by State Partners. Weighted national estimates are from the HCUP National (Nationwide) Inpatient Sample (NIS).",,,,,,,,,,
"Rates of discharges are calculated using HCUP inpatient data as numerators and Claritas county population estimates as denominators, except for the rate of maternal/neonatal stays, which uses the number of inpatient deliveries as the denominator.",,,,,,,,,,
"For more information, see ""Calculating Community-Level Statistics for HCUPnet: Methods"" PDF (74 KB)",,,,,,,,,,
"Citation: HCUPnet, Healthcare Cost and Utilization Project. Agency for Healthcare Research and Quality, Rockville, MD. https://hcupnet.ahrq.gov/. For more information about HCUP data see http://www.hcup-us.ahrq.gov/",,,,,,,,,,
,,,,,,,,,,
"2016 Washoe, Nevada",,,,,,,,,,
Stays Related to Mental and/or Substance Use Disorders,,,,,,,,,,
,,,,,,,,,,
,,Total number of discharges,"Rate of discharges per 100,000 population","Mean length of stay, days",Aggregate number of days in the hospital,"Number of inpatient days per 100,000 population","Mean cost per stay, $","Aggregate costs for all hospital stays, $","Costs for inpatient stays per capita, $",
US Total,,9955578.05705047,3087.6608648232,5.6255443763,56005546.1520072,17369.7732141365,12666.9044891831,126106356383.265,391.111052697,
State Total,,72258.0272576247,2491.5968295108,6.285981104,454212.593954099,15662.1305891031,13193.6337003052,953345943.54377,328.7321589741,
"Washoe, Nevada",,12803,2850.4826873753,5.4743409095,70087.9866638183,15604.5139872066,10311.8826245491,132023033.242102,293.9384289552,
Age group,<1,176,3237.0792716572,12.6988636364,2235,41107.2282508736,12140.9554138893,2136808.15284452,393.0123510841,
,1-17,120,126.1696982441,4.2333333333,508,534.1183892335,15710.9332609055,1885311.99130866,19.8224370866,
,18-44,3260,2022.3325062035,4.5797546012,14930,9261.7866004963,8376.95732353,27308880.8747077,169.4099309845,
,45-64,5322,4492.6178235875,5.771326569,30715,25928.3646094495,11085.0929414831,58994864.6345732,498.0108612503,
,65-84,3924,5691.5757716407,5.5298131151,21698.9866638183,31473.3503478451,10625.3788014193,41693986.4167694,604.7514855066,
,Missing,*,†,*,*,†,*,*,†,
Sex,Male,5818,2571.6508424831,5.7719147473,33581,14843.3494227267,11158.5192899236,64920265.2287758,286.958155328,
,Female,6983,3132.5701160975,5.2251162343,36486.9866638183,16368.0429685703,9602.972798945,67057559.0550326,300.8198561567,
,Missing,*,†,*,*,†,*,*,†,
Payer,Medicare,5331,†,5.6327143125,30028,†,10493.3361347978,55939974.9346072,†,
,Medicaid,4029,†,5.7361595095,23110.9866638183,†,9365.9229119046,37735303.4120637,†,
,Private insurance,2515,†,4.5693836978,11492,†,10857.7366845048,27307207.7615297,†,
,Uninsured,549,†,4.2841530055,2352,†,8398.6081275356,4610835.86201703,†,
,Other,369,†,8.2601626016,3048,†,17267.5485287863,6371725.40712217,†,
,Missing,*,†,*,*,†,*,*,†,
Type of stay,Maternal delivery hospitalization,404,76.4861794775,2.7351485149,1105,209.2010602045,3668.6286372639,1482125.9694546,†,
,Neonatal birth hospitalization,166,31.0803220371,12.6807228916,2105,394.1209511327,11572.7366946979,1921074.29131985,†,
,Nonmaternal/nonneonatal hospitalization,12233,328.8794494032,5.4670143598,66877.9866638183,1797.9886725405,10514.1692946397,128619832.981328,†,
Type of substance use disorder,Alcohol-related disorders,3440,765.8877172984,5.9427325581,20443,4551.4658734682,10686.2835237892,36760815.3218351,81.8449329444,
,Cannabis-related disorders,1176,261.8267312625,4.5357142857,5334,1187.5712453691,8509.2207499585,10006843.6019511,22.2794145455,
,Neonatal abstinence syndrome,40,8.9056711314,27.65,1106,246.2418067826,22901.1677881025,916046.711524102,2.0395026885,
,Opioid-related disorders,1293,287.8758193217,6.0610982212,7837,1744.8436164149,11042.4080718602,14277833.6369153,31.7884227097,
,Sedative-related disorders,103,22.9321031633,7.4368932039,766,170.5436021659,12096.0491545643,1245893.06292012,2.7738784708,
,Stimulant-related disorders,1114,248.0229410088,5.9551166966,6634,1477.0055571388,9822.4312212059,10942188.3804233,24.3618827934,
,Miscellaneous substances and addictive disorders,664,147.8341407808,5.6340361446,3741,832.902892562,7816.6146910766,5190232.15487486,11.5556251667,
Type of mental disorder,Anxiety disorders,4372,973.3898546594,5.0873711491,22241.9866638183,4951.9954634107,9950.739964299,43504635.1239153,96.859493276,
,Bipolar disorders,1108,246.6870903391,6.1633574007,6829,1520.4207039042,9522.8571945024,10551325.7715087,23.4916593303,
,Depressive disorders,4703,1047.0842832716,5.0580480544,23788,5296.2026218296,9538.5552933156,44859825.5444632,99.8767133275,
,"Disruptive, impulse-control, and conduct disorders",28,6.233969792,8.9285714286,250,55.6604445711,17570.3235656896,491969.05983931,1.0953286634,
,Eating disorders,35,7.79246224,8.0285714286,281,62.5623396979,10214.3347440518,357501.716041814,0.795948178,
,Obsessive-compulsive disorders,40,8.9056711314,4.2,168,37.4038187518,6390.7284975564,255629.139902255,0.5691372629,
,Personality disorders,169,37.6264605301,9.349112426,1580,351.7740096894,10275.789373856,1736608.40418166,3.8664158329,
,Schizophrenia and related disorders,730,162.5284981476,9.7164383562,7093,1579.1981333713,11424.9819055173,8340236.79102769,18.5688515047,
,Somatic symptom disorders,50,11.1320889142,5.62,281,62.5623396979,9370.5298837805,468526.494189025,1.0431357184,
,Suicidal ideation or attempt,521,115.9963664862,7.0978886756,3698,823.3292960958,8581.7739877697,4471104.24762799,9.9545460059,
,Trauma- and stressor-related disorders,624,138.9284696495,5.875,3666,816.2047591907,10004.6610126915,6242908.4719195,13.8993224385,
,Miscellaneous mental disorders,425,94.6227557709,4.9599686207,2107.9866638183,469.3258994323,5909.0546734561,2511348.23621885,5.591310372,
,,,,,,,,,,
"Statistic is not reported because the reporting cell draws from fewer than two hospitals, contains fewer than 11 discharges, has a relative standard error (standard error / weighted estimate) greater than 0.30 or equal to 0, or because the county is missing 2% or more of total discharges in the HCUP State Inpatient Database (SID) when compared to the Medicare Hospital Service Area File.",,,,,,,,,,
"Statistics for age, sex, and expected payer type cannot be calculated because population estimates are not available for missing categories of age or sex and because population insurance coverage information is not available at the county- or region-level.",,,,,,,,,,
"Community-level statistics are from the Agency for Healthcare Research and Quality (AHRQ), Healthcare Cost and Utilization Project (HCUP), State Inpatient Databases (SID), based on data collected by individual States and provided to AHRQ by State Partners. Weighted national estimates are from the HCUP National (Nationwide) Inpatient Sample (NIS).",,,,,,,,,,
"Rates of discharges are calculated using HCUP inpatient data as numerators and Claritas county population estimates as denominators, except for the rate of maternal/neonatal stays, which uses the number of inpatient deliveries as the denominator.",,,,,,,,,,
"For more information, see ""Calculating Community-Level Statistics for HCUPnet: Methods"" PDF (74 KB)",,,,,,,,,,
"Citation: HCUPnet, Healthcare Cost and Utilization Project. Agency for Healthcare Research and Quality, Rockville, MD. https://hcupnet.ahrq.gov/. For more information about HCUP data see http://www.hcup-us.ahrq.gov/",,,,,,,,,,
,,,,,,,,,,
"2016 White Pine, Nevada",,,,,,,,,,
Stays Related to Mental and/or Substance Use Disorders,,,,,,,,,,
,,,,,,,,,,
,,Total number of discharges,"Rate of discharges per 100,000 population","Mean length of stay, days",Aggregate number of days in the hospital,"Number of inpatient days per 100,000 population","Mean cost per stay, $","Aggregate costs for all hospital stays, $","Costs for inpatient stays per capita, $",
US Total,,9955578.05705047,3087.6608648232,5.6255443763,56005546.1520072,17369.7732141365,12666.9044891831,126106356383.265,391.111052697,
State Total,,72258.0272576247,2491.5968295108,6.285981104,454212.593954099,15662.1305891031,13193.6337003052,953345943.54377,328.7321589741,
"White Pine, Nevada",,222,2197.3671186776,5.1846846847,1151,11392.6556468375,16975.1506871503,3768483.45254737,373.0063795454,
Age group,<1,*,*,*,*,*,*,*,*,
,1-17,*,*,*,*,*,*,*,*,
,18-44,59,1646.2053571429,5.3050847458,313,8733.2589285714,11909.9039140887,702684.330931239,196.0614762643,
,45-64,91,3354.220420199,4.989010989,454,16734.242535938,18174.4934824762,1653878.90690533,609.612571657,
,65-84,65,4027.2614622057,5.5076923077,358,22180.916976456,20778.0988729519,1350576.42674187,836.7883684894,
,Missing,*,†,*,*,†,*,*,†,
Sex,Male,94,1620.6896551724,4.9893617021,469,8086.2068965517,17986.6240350615,1690742.65929578,291.507355051,
,Female,128,2974.668835696,5.328125,682,15849.4073901928,16232.349947278,2077740.79325159,482.8586551828,
,Missing,*,†,*,*,†,*,*,†,
Payer,Medicare,76,†,5.0263157895,382,†,17466.5698764053,1327459.3106068,†,
,Medicaid,71,†,5.9154929577,420,†,16033.851597336,1138403.46341085,†,
,Private insurance,51,†,4.9411764706,252,†,19108.8898084544,974553.380231178,†,
,Uninsured,*,†,*,*,†,*,*,†,
,Other,15,†,3.9333333333,59,†,14674.7048864693,220120.573297039,†,
,Missing,*,†,*,*,†,*,*,†,
Type of stay,Maternal delivery hospitalization,*,*,*,*,*,*,*,†,
,Neonatal birth hospitalization,*,*,*,*,*,*,*,†,
,Nonmaternal/nonneonatal hospitalization,210,293.7062937063,5.3666666667,1127,1576.2237762238,17402.143300832,3654450.09317472,†,
Type of substance use disorder,Alcohol-related disorders,38,376.1259031971,5.1315789474,195,1930.119766406,19033.0001013737,723254.003852203,71.5880435368,
,Cannabis-related disorders,*,*,*,*,*,*,*,*,
,Neonatal abstinence syndrome,*,*,*,*,*,*,*,*,
,Opioid-related disorders,37,366.2278531129,5.5135135135,204,2019.2022171632,19263.0316022341,712732.169282663,70.5465870813,
,Sedative-related disorders,*,*,*,*,*,*,*,*,
,Stimulant-related disorders,25,247.4512521033,6.16,154,1524.2997129565,15219.7337917631,380493.344794077,37.6614218345,
,Miscellaneous substances and addictive disorders,14,138.5727011779,5.5,77,762.1498564783,14711.1921569619,205956.690197467,20.3856963474,
Type of mental disorder,Anxiety disorders,88,871.0284074037,5.8409090909,514,5087.5977432446,17813.4171460701,1567580.70885417,155.1599236716,
,Bipolar disorders,17,168.2668514303,4.6470588235,79,781.9459566465,9790.4746131643,166438.068423793,16.4741233717,
,Depressive disorders,79,781.9459566465,6.2025316456,490,4850.0445412254,16682.9697086363,1317954.60698227,130.4518070852,
,"Disruptive, impulse-control, and conduct disorders",*,*,*,*,*,*,*,*,
,Eating disorders,*,*,*,*,*,*,*,*,
,Obsessive-compulsive disorders,*,*,*,*,*,*,*,*,
,Personality disorders,*,*,*,*,*,*,*,*,
,Schizophrenia and related disorders,11,108.8785509255,6,66,653.2713055528,11769.6947932439,129466.642725683,12.8146731392,
,Somatic symptom disorders,*,*,*,*,*,*,*,*,
,Suicidal ideation or attempt,13,128.6746510937,8.7692307692,114,1128.3777095912,20000.9858895197,260012.816563756,25.7361988086,
,Trauma- and stressor-related disorders,13,128.6746510937,11,143,1415.4211620311,25527.807597349,331861.498765537,32.8478173578,
,Miscellaneous mental disorders,*,*,*,*,*,*,*,*,
,,,,,,,,,,
"Statistic is not reported because the reporting cell draws from fewer than two hospitals, contains fewer than 11 discharges, has a relative standard error (standard error / weighted estimate) greater than 0.30 or equal to 0, or because the county is missing 2% or more of total discharges in the HCUP State Inpatient Database (SID) when compared to the Medicare Hospital Service Area File.",,,,,,,,,,
"Statistics for age, sex, and expected payer type cannot be calculated because population estimates are not available for missing categories of age or sex and because population insurance coverage information is not available at the county- or region-level.",,,,,,,,,,
"Community-level statistics are from the Agency for Healthcare Research and Quality (AHRQ), Healthcare Cost and Utilization Project (HCUP), State Inpatient Databases (SID), based on data collected by individual States and provided to AHRQ by State Partners. Weighted national estimates are from the HCUP National (Nationwide) Inpatient Sample (NIS).",,,,,,,,,,
"Rates of discharges are calculated using HCUP inpatient data as numerators and Claritas county population estimates as denominators, except for the rate of maternal/neonatal stays, which uses the number of inpatient deliveries as the denominator.",,,,,,,,,,
"For more information, see ""Calculating Community-Level Statistics for HCUPnet: Methods"" PDF (74 KB)",,,,,,,,,,
"Citation: HCUPnet, Healthcare Cost and Utilization Project. Agency for Healthcare Research and Quality, Rockville, MD. https://hcupnet.ahrq.gov/. For more information about HCUP data see http://www.hcup-us.ahrq.gov/",,,,,,,,,,
,,,,,,,,,,
"2016 Carson City, Nevada",,,,,,,,,,
Stays Related to Mental and/or Substance Use Disorders,,,,,,,,,,
,,,,,,,,,,
,,Total number of discharges,"Rate of discharges per 100,000 population","Mean length of stay, days",Aggregate number of days in the hospital,"Number of inpatient days per 100,000 population","Mean cost per stay, $","Aggregate costs for all hospital stays, $","Costs for inpatient stays per capita, $",
US Total,,9955578.05705047,3087.6608648232,5.6255443763,56005546.1520072,17369.7732141365,12666.9044891831,126106356383.265,391.111052697,
State Total,,72258.0272576247,2491.5968295108,6.285981104,454212.593954099,15662.1305891031,13193.6337003052,953345943.54377,328.7321589741,
"Carson City, Nevada",,2249,3993.8201449069,5.7425522454,12915,22934.7208410285,11286.4469164051,25383219.1149952,450.7603905916,
Age group,<1,16,2680.067001675,19.875,318,53266.3316582914,15263.8394233428,244221.430773485,409.0811235737,
,1-17,16,144.9406649153,5.5625,89,806.2324485914,56124.0441231979,897984.705971166,81.3465627295,
,45-64,949,6048.0530240265,6.0305584826,5723,36473.1374673379,12300.0134579569,11672712.7716011,743.9113358996,
,65-84,703,6300.4122602617,5.4921763869,3861,34602.9754436278,11469.1815591026,8062834.63604916,722.6057211014,
,Missing,*,†,*,*,†,*,*,†,
Sex,Male,998,3498.1948193067,6.2885771543,6276,21998.6680220126,11604.5820116522,11581372.8476289,405.9508867338,
,Female,1250,4499.1541590181,5.3104,6638,23892.3082460497,11037.7910780572,13797238.8475715,496.6072363521,
,Missing,*,†,*,*,†,*,*,†,
Payer,Medicare,951,†,5.7266035752,5446,†,11175.972038258,10628349.4083833,†,
,Medicaid,712,†,6.4592696629,4599,†,11077.8075574991,7887398.98093941,†,
,Private insurance,440,†,4.9477272727,2177,†,12231.7359308215,5381963.80956148,†,
,Uninsured,82,†,4.5853658537,376,†,9496.7849764267,778736.368066985,†,
,Other,36,†,5.75,207,†,14699.603883596,529185.739809456,†,
,Missing,*,†,*,*,†,*,*,†,
Type of stay,Maternal delivery hospitalization,28,49.5575221239,3.1071428571,87,153.982300885,5038.6013930919,141080.839006573,†,
,Neonatal birth hospitalization,14,24.4328097731,18.2142857143,255,445.0261780105,13876.6866040755,194273.612457057,†,
,Nonmaternal/nonneonatal hospitalization,2207,353.4027221777,5.6968735841,12573,2013.290632506,11349.281678084,25047864.6635315,†,
Type of substance use disorder,Alcohol-related disorders,589,1045.9582327035,6.8030560272,4007,7115.7124591561,10456.4080508382,6158824.34194373,109.3696608528,
,Cannabis-related disorders,136,241.5115783492,5.7720588235,785,1394.019036795,9106.789696555,1238523.39873147,21.9939515331,
,Neonatal abstinence syndrome,*,*,*,*,*,*,*,*,
,Opioid-related disorders,268,475.9198749822,6.8171641791,1827,3244.4239238528,14762.0789866241,3956237.16841526,70.2556678579,
,Sedative-related disorders,*,*,*,*,*,*,*,*,
,Stimulant-related disorders,167,296.5620116494,5.7125748503,954,1694.1326893024,8943.7632838522,1493608.46840332,26.5238043118,
,Miscellaneous substances and addictive disorders,63,111.8766870294,7.6825396825,484,859.4970876545,8416.6745040511,530250.493755222,9.4162965932,
Type of mental disorder,Anxiety disorders,899,1596.4625657054,5.511679644,4955,8799.1902258844,10336.3195649155,9292351.2888591,165.0154725256,
,Bipolar disorders,262,465.264952408,6,1572,2791.5897144481,9004.0917759143,2359072.04528954,41.892883316,
,Depressive disorders,913,1621.3240517119,5.5805038335,5095,9047.8050859497,10550.1885157268,9632322.11485861,171.0527439064,
,"Disruptive, impulse-control, and conduct disorders",*,*,*,*,*,*,*,*,
,Eating disorders,*,*,*,*,*,*,*,*,
,Obsessive-compulsive disorders,*,*,*,*,*,*,*,*,
,Personality disorders,117,207.7709901975,8,936,1662.1679215798,8479.1603464021,992061.76052905,17.6172354122,
,Schizophrenia and related disorders,119,211.3226310555,8.1176470588,966,1715.4425344509,11083.04172917,1318881.96577123,23.4209753831,
,Somatic symptom disorders,*,*,*,*,*,*,*,*,
,Suicidal ideation or attempt,86,152.7205568973,6.011627907,517,918.0991618128,9394.9087938301,807962.156269385,14.3479570299,
,Trauma- and stressor-related disorders,115,204.2193493394,6.0086956522,691,1227.0919164654,10702.9484276635,1230839.0691813,21.8574916391,
,Miscellaneous mental disorders,29,51.4987924421,5.275862069,153,271.7005256428,8342.8936735424,241943.91653273,4.2964894966,
,,,,,,,,,,
"Statistic is not reported because the reporting cell draws from fewer than two hospitals, contains fewer than 11 discharges, has a relative standard error (standard error / weighted estimate) greater than 0.30 or equal to 0, or because the county is missing 2% or more of total discharges in the HCUP State Inpatient Database (SID) when compared to the Medicare Hospital Service Area File.",,,,,,,,,,
"Statistics for age, sex, and expected payer type cannot be calculated because population estimates are not available for missing categories of age or sex and because population insurance coverage information is not available at the county- or region-level.",,,,,,,,,,
"Community-level statistics are from the Agency for Healthcare Research and Quality (AHRQ), Healthcare Cost and Utilization Project (HCUP), State Inpatient Databases (SID), based on data collected by individual States and provided to AHRQ by State Partners. Weighted national estimates are from the HCUP National (Nationwide) Inpatient Sample (NIS).",,,,,,,,,,
"Rates of discharges are calculated using HCUP inpatient data as numerators and Claritas county population estimates as denominators, except for the rate of maternal/neonatal stays, which uses the number of inpatient deliveries as the denominator.",,,,,,,,,,
"For more information, see ""Calculating Community-Level Statistics for HCUPnet: Methods"" PDF (74 KB)",,,,,,,,,,
"Citation: HCUPnet, Healthcare Cost and Utilization Project. Agency for Healthcare Research and Quality, Rockville, MD. https://hcupnet.ahrq.gov/. For more information about HCUP data see http://www.hcup-us.ahrq.gov/",,,,,,,,,,
,,,,,,,,,,
,,,,,,,,,,
